ARSON,33,34
ARSON,60,115
ASSAULT,4,5113
ASSAULT,31,4702
ASSAULT,58,3708
ASSAULT,733,3
ASSAULT,814,1
ASSAULT,922,1
ASSAULT,1624,4
ASSAULT,2515,1
BATTERY,16,13688
BATTERY,43,47485
BATTERY,70,8997
BATTERY,124,16
BATTERY,232,14
BATTERY,313,16
BATTERY,421,55
BATTERY,934,12
BATTERY,1123,21
BATTERY,1231,9
BATTERY,1933,16
BURGLARY,17,3502
BURGLARY,44,8847
BURGLARY,71,12579
CONCEALED CARRY LICENSE VIOLATION,15,5
CONCEALED CARRY LICENSE VIOLATION,42,8
CONCEALED CARRY LICENSE VIOLATION,69,17
CRIM SEXUAL ASSAULT,20,179
CRIM SEXUAL ASSAULT,47,45
CRIM SEXUAL ASSAULT,74,45
CRIMINAL DAMAGE,17,7796
CRIMINAL DAMAGE,44,15422
CRIMINAL DAMAGE,71,21616
CRIMINAL SEXUAL ASSAULT,6,117
CRIMINAL SEXUAL ASSAULT,33,37
CRIMINAL SEXUAL ASSAULT,60,23
CRIMINAL TRESPASS,20,1030
CRIMINAL TRESPASS,47,168
CRIMINAL TRESPASS,74,396
DECEPTIVE PRACTICE,25,12132
DECEPTIVE PRACTICE,52,1082
DECEPTIVE PRACTICE,511,1
GAMBLING,12,21
GAMBLING,39,65
GAMBLING,66,476
HOMICIDE,25,985
HOMICIDE,52,49
INTERFERENCE WITH PUBLIC OFFICER,16,96
INTERFERENCE WITH PUBLIC OFFICER,43,593
INTERFERENCE WITH PUBLIC OFFICER,70,69
INTIMIDATION,10,28
INTIMIDATION,37,34
INTIMIDATION,64,20
KIDNAPPING,14,53
KIDNAPPING,41,28
KIDNAPPING,68,143
LIQUOR LAW VIOLATION,5,122
LIQUOR LAW VIOLATION,32,261
LIQUOR LAW VIOLATION,59,81
MOTOR VEHICLE THEFT,10,3190
MOTOR VEHICLE THEFT,37,1014
MOTOR VEHICLE THEFT,64,1054
NARCOTICS,17,2103
NARCOTICS,44,11284
NARCOTICS,71,19639
NON - CRIMINAL,60,2
NON-CRIMINAL,8,12
NON-CRIMINAL,35,2
NON-CRIMINAL (SUBJECT SPECIFIED),23,2
NON-CRIMINAL (SUBJECT SPECIFIED),50,1
OBSCENITY,20,9
OBSCENITY,74,5
OFFENSE INVOLVING CHILDREN,15,733
OFFENSE INVOLVING CHILDREN,42,1005
OFFENSE INVOLVING CHILDREN,69,1427
OTHER NARCOTIC VIOLATION,20,1
OTHER OFFENSE,14,4336
OTHER OFFENSE,41,2683
OTHER OFFENSE,68,10093
PROSTITUTION,26,3674
PROSTITUTION,53,1050
PUBLIC INDECENCY,3,1
PUBLIC INDECENCY,30,4
PUBLIC INDECENCY,57,2
PUBLIC PEACE VIOLATION,11,407
PUBLIC PEACE VIOLATION,38,384
PUBLIC PEACE VIOLATION,65,303
ROBBERY,NULL,23133
ROBBERY,0,1
ROBBERY,27,5349
ROBBERY,54,1041
SEX OFFENSE,15,447
SEX OFFENSE,42,377
SEX OFFENSE,69,518
STALKING,16,62
STALKING,43,127
STALKING,70,40
THEFT,13,6153
THEFT,40,9629
THEFT,67,26053
WEAPONS VIOLATION,NULL,4650
WEAPONS VIOLATION,27,1971
WEAPONS VIOLATION,54,662
ARSON,34,41
ARSON,61,358
ASSAULT,5,3836
ASSAULT,32,6799
ASSAULT,59,1638
ASSAULT,113,4
ASSAULT,221,2
ASSAULT,734,3
ASSAULT,815,1
ASSAULT,923,1
ASSAULT,1031,2
ASSAULT,1112,6
ASSAULT,1652,2
ASSAULT,1733,2
BATTERY,17,8064
BATTERY,44,27653
BATTERY,71,39572
BATTERY,233,10
BATTERY,314,4
BATTERY,422,15
BATTERY,611,10
BATTERY,935,11
BATTERY,1124,13
BATTERY,1232,5
BATTERY,1421,4
BATTERY,1934,7
BURGLARY,18,1374
BURGLARY,45,2232
BURGLARY,72,2130
CONCEALED CARRY LICENSE VIOLATION,16,2
CONCEALED CARRY LICENSE VIOLATION,43,14
CRIM SEXUAL ASSAULT,21,245
CRIM SEXUAL ASSAULT,48,158
CRIM SEXUAL ASSAULT,75,185
CRIMINAL DAMAGE,18,2849
CRIMINAL DAMAGE,45,3898
CRIMINAL DAMAGE,72,3523
CRIMINAL SEXUAL ASSAULT,7,46
CRIMINAL SEXUAL ASSAULT,34,9
CRIMINAL SEXUAL ASSAULT,61,71
CRIMINAL TRESPASS,21,1195
CRIMINAL TRESPASS,48,700
CRIMINAL TRESPASS,75,1280
DECEPTIVE PRACTICE,26,4350
DECEPTIVE PRACTICE,53,3054
GAMBLING,13,28
GAMBLING,40,263
GAMBLING,67,808
HOMICIDE,26,370
HOMICIDE,53,293
INTERFERENCE WITH PUBLIC OFFICER,17,56
INTERFERENCE WITH PUBLIC OFFICER,44,370
INTERFERENCE WITH PUBLIC OFFICER,71,711
INTIMIDATION,11,32
INTIMIDATION,38,42
INTIMIDATION,65,27
KIDNAPPING,15,108
KIDNAPPING,42,112
KIDNAPPING,69,156
LIQUOR LAW VIOLATION,6,472
LIQUOR LAW VIOLATION,33,65
LIQUOR LAW VIOLATION,60,108
MOTOR VEHICLE THEFT,11,2947
MOTOR VEHICLE THEFT,38,4300
MOTOR VEHICLE THEFT,65,2546
NARCOTICS,18,716
NARCOTICS,45,1584
NARCOTICS,72,582
NON-CRIMINAL,36,1
OBSCENITY,21,10
OBSCENITY,48,5
OBSCENITY,75,9
OFFENSE INVOLVING CHILDREN,16,587
OFFENSE INVOLVING CHILDREN,43,1962
OFFENSE INVOLVING CHILDREN,70,568
OTHER OFFENSE,15,7359
OTHER OFFENSE,42,7620
OTHER OFFENSE,69,11070
PROSTITUTION,NULL,8015
PROSTITUTION,27,3191
PROSTITUTION,54,4
PUBLIC INDECENCY,4,4
PUBLIC INDECENCY,31,2
PUBLIC INDECENCY,58,2
PUBLIC PEACE VIOLATION,12,530
PUBLIC PEACE VIOLATION,39,111
PUBLIC PEACE VIOLATION,66,1571
ROBBERY,1,4394
ROBBERY,28,7017
ROBBERY,55,235
SEX OFFENSE,16,462
SEX OFFENSE,43,657
SEX OFFENSE,70,228
STALKING,17,26
STALKING,44,134
STALKING,71,123
THEFT,14,13014
THEFT,41,13656
THEFT,68,22500
WEAPONS VIOLATION,1,927
WEAPONS VIOLATION,28,1118
WEAPONS VIOLATION,55,136
ARSON,35,39
ARSON,62,64
ASSAULT,6,6494
ASSAULT,33,2535
ASSAULT,60,2971
ASSAULT,114,2
ASSAULT,222,3
ASSAULT,411,3
ASSAULT,735,5
ASSAULT,924,1
ASSAULT,1032,2
ASSAULT,1113,1
ASSAULT,1221,1
ASSAULT,1653,1
ASSAULT,1923,2
BATTERY,18,3678
BATTERY,45,5679
BATTERY,72,2610
BATTERY,234,13
BATTERY,423,20
BATTERY,531,14
BATTERY,612,19
BATTERY,1125,9
BATTERY,1233,10
BATTERY,1422,11
BATTERY,1611,4
BATTERY,1935,3
BATTERY,2232,12
BURGLARY,19,8963
BURGLARY,46,8162
BURGLARY,73,4817
CONCEALED CARRY LICENSE VIOLATION,44,22
CONCEALED CARRY LICENSE VIOLATION,71,26
CRIM SEXUAL ASSAULT,22,519
CRIM SEXUAL ASSAULT,49,788
CRIM SEXUAL ASSAULT,76,52
CRIMINAL DAMAGE,19,16783
CRIMINAL DAMAGE,46,15223
CRIMINAL DAMAGE,73,9911
CRIMINAL SEXUAL ASSAULT,8,253
CRIMINAL SEXUAL ASSAULT,35,42
CRIMINAL SEXUAL ASSAULT,62,7
CRIMINAL TRESPASS,22,3123
CRIMINAL TRESPASS,49,4335
CRIMINAL TRESPASS,76,3363
DECEPTIVE PRACTICE,NULL,17681
DECEPTIVE PRACTICE,0,8
DECEPTIVE PRACTICE,27,3369
DECEPTIVE PRACTICE,54,520
GAMBLING,14,63
GAMBLING,41,31
GAMBLING,68,613
HOMICIDE,NULL,381
HOMICIDE,27,308
HOMICIDE,54,87
HUMAN TRAFFICKING,32,3
HUMAN TRAFFICKING,59,1
INTERFERENCE WITH PUBLIC OFFICER,18,20
INTERFERENCE WITH PUBLIC OFFICER,45,75
INTERFERENCE WITH PUBLIC OFFICER,72,27
INTIMIDATION,12,23
INTIMIDATION,39,18
INTIMIDATION,66,69
KIDNAPPING,16,85
KIDNAPPING,43,189
KIDNAPPING,70,81
LIQUOR LAW VIOLATION,7,397
LIQUOR LAW VIOLATION,34,75
LIQUOR LAW VIOLATION,61,310
MOTOR VEHICLE THEFT,12,3644
MOTOR VEHICLE THEFT,39,1791
MOTOR VEHICLE THEFT,66,8261
NARCOTICS,19,7730
NARCOTICS,46,11850
NARCOTICS,73,6797
NON - CRIMINAL,8,1
NON - CRIMINAL,35,1
NON-CRIMINAL,10,4
NON-CRIMINAL,37,1
OBSCENITY,22,14
OBSCENITY,49,13
OBSCENITY,76,2
OFFENSE INVOLVING CHILDREN,17,339
OFFENSE INVOLVING CHILDREN,44,1073
OFFENSE INVOLVING CHILDREN,71,1841
OTHER NARCOTIC VIOLATION,22,5
OTHER NARCOTIC VIOLATION,49,1
OTHER NARCOTIC VIOLATION,76,1
OTHER OFFENSE,16,5335
OTHER OFFENSE,43,16246
OTHER OFFENSE,70,4797
PROSTITUTION,1,931
PROSTITUTION,28,1861
PROSTITUTION,55,2
PUBLIC INDECENCY,5,1
PUBLIC INDECENCY,32,16
PUBLIC PEACE VIOLATION,13,109
PUBLIC PEACE VIOLATION,40,333
PUBLIC PEACE VIOLATION,67,1220
RITUALISM,5,1
ROBBERY,2,2905
ROBBERY,29,8174
ROBBERY,56,1411
SEX OFFENSE,17,274
SEX OFFENSE,44,377
SEX OFFENSE,71,526
STALKING,18,10
STALKING,45,27
STALKING,72,19
THEFT,15,20405
THEFT,42,14398
THEFT,69,23578
WEAPONS VIOLATION,2,722
WEAPONS VIOLATION,29,3771
WEAPONS VIOLATION,56,504
ARSON,36,22
ARSON,63,228
ASSAULT,7,5255
ASSAULT,34,1255
ASSAULT,61,9619
ASSAULT,223,3
ASSAULT,331,1
ASSAULT,412,4
ASSAULT,925,3
ASSAULT,1033,1
ASSAULT,1114,2
ASSAULT,1222,1
ASSAULT,1654,1
ASSAULT,1924,1
ASSAULT,2032,1
ASSAULT,2221,2
BATTERY,19,21822
BATTERY,46,26021
BATTERY,73,13856
BATTERY,235,3
BATTERY,424,23
BATTERY,532,16
BATTERY,613,15
BATTERY,1234,8
BATTERY,1423,5
BATTERY,1531,22
BATTERY,1612,9
BATTERY,2233,9
BATTERY,2422,18
BURGLARY,20,2860
BURGLARY,47,833
BURGLARY,74,664
CONCEALED CARRY LICENSE VIOLATION,18,1
CONCEALED CARRY LICENSE VIOLATION,45,3
CONCEALED CARRY LICENSE VIOLATION,72,1
CRIM SEXUAL ASSAULT,23,741
CRIM SEXUAL ASSAULT,50,103
CRIM SEXUAL ASSAULT,77,259
CRIMINAL DAMAGE,20,5356
CRIMINAL DAMAGE,47,1436
CRIMINAL DAMAGE,74,2249
CRIMINAL SEXUAL ASSAULT,9,5
CRIMINAL SEXUAL ASSAULT,36,13
CRIMINAL SEXUAL ASSAULT,63,45
CRIMINAL TRESPASS,23,3347
CRIMINAL TRESPASS,50,744
CRIMINAL TRESPASS,77,2023
DECEPTIVE PRACTICE,1,4878
DECEPTIVE PRACTICE,28,11083
DECEPTIVE PRACTICE,55,653
DECEPTIVE PRACTICE,1432,3
GAMBLING,15,45
GAMBLING,42,428
GAMBLING,69,335
HOMICIDE,1,105
HOMICIDE,28,227
HOMICIDE,55,16
HUMAN TRAFFICKING,6,1
HUMAN TRAFFICKING,60,1
INTERFERENCE WITH PUBLIC OFFICER,19,370
INTERFERENCE WITH PUBLIC OFFICER,46,416
INTERFERENCE WITH PUBLIC OFFICER,73,206
INTIMIDATION,13,17
INTIMIDATION,40,29
INTIMIDATION,67,75
KIDNAPPING,17,74
KIDNAPPING,44,136
KIDNAPPING,71,183
LIQUOR LAW VIOLATION,8,639
LIQUOR LAW VIOLATION,35,32
LIQUOR LAW VIOLATION,62,47
MOTOR VEHICLE THEFT,13,1149
MOTOR VEHICLE THEFT,40,3155
MOTOR VEHICLE THEFT,67,7213
NARCOTICS,20,3416
NARCOTICS,47,974
NARCOTICS,74,462
NON - CRIMINAL,63,1
NON-CRIMINAL,11,2
NON-CRIMINAL,65,1
OBSCENITY,23,12
OBSCENITY,50,3
OBSCENITY,77,6
OFFENSE INVOLVING CHILDREN,18,179
OFFENSE INVOLVING CHILDREN,45,283
OFFENSE INVOLVING CHILDREN,72,263
OTHER NARCOTIC VIOLATION,23,3
OTHER NARCOTIC VIOLATION,77,1
OTHER OFFENSE,17,4166
OTHER OFFENSE,44,9316
OTHER OFFENSE,71,13041
PROSTITUTION,2,140
PROSTITUTION,29,1461
PROSTITUTION,56,2868
PUBLIC INDECENCY,6,8
PUBLIC INDECENCY,33,1
PUBLIC INDECENCY,60,1
PUBLIC PEACE VIOLATION,14,566
PUBLIC PEACE VIOLATION,41,122
PUBLIC PEACE VIOLATION,68,1124
ROBBERY,3,3091
ROBBERY,30,4664
ROBBERY,57,898
SEX OFFENSE,18,113
SEX OFFENSE,45,99
SEX OFFENSE,72,96
STALKING,19,52
STALKING,46,80
STALKING,73,47
THEFT,16,18124
THEFT,43,34636
THEFT,70,11475
WEAPONS VIOLATION,3,753
WEAPONS VIOLATION,30,2091
WEAPONS VIOLATION,57,184
ARSON,37,34
ARSON,64,55
ASSAULT,8,11058
ASSAULT,35,4232
ASSAULT,62,1328
ASSAULT,224,3
ASSAULT,332,2
ASSAULT,413,4
ASSAULT,1034,4
ASSAULT,1115,1
ASSAULT,1223,3
ASSAULT,1412,1
ASSAULT,1925,2
ASSAULT,2411,2
BATTERY,20,8935
BATTERY,47,1956
BATTERY,74,2033
BATTERY,533,14
BATTERY,614,8
BATTERY,722,27
BATTERY,911,2
BATTERY,1235,2
BATTERY,1424,8
BATTERY,1532,21
BATTERY,2234,13
BATTERY,2423,6
BATTERY,2531,5
BURGLARY,21,4871
BURGLARY,48,2436
BURGLARY,75,3371
CONCEALED CARRY LICENSE VIOLATION,19,18
CONCEALED CARRY LICENSE VIOLATION,46,10
CONCEALED CARRY LICENSE VIOLATION,73,8
CRIM SEXUAL ASSAULT,24,582
CRIM SEXUAL ASSAULT,51,162
CRIMINAL DAMAGE,21,8338
CRIMINAL DAMAGE,48,4801
CRIMINAL DAMAGE,75,6734
CRIMINAL SEXUAL ASSAULT,10,9
CRIMINAL SEXUAL ASSAULT,37,10
CRIMINAL SEXUAL ASSAULT,64,13
CRIMINAL TRESPASS,24,4271
CRIMINAL TRESPASS,51,1235
DECEPTIVE PRACTICE,2,4797
DECEPTIVE PRACTICE,29,4328
DECEPTIVE PRACTICE,56,2909
GAMBLING,16,46
GAMBLING,43,502
GAMBLING,70,55
HOMICIDE,2,59
HOMICIDE,29,496
HOMICIDE,56,60
HUMAN TRAFFICKING,7,1
INTERFERENCE WITH PUBLIC OFFICER,20,129
INTERFERENCE WITH PUBLIC OFFICER,47,24
INTERFERENCE WITH PUBLIC OFFICER,74,14
INTIMIDATION,14,53
INTIMIDATION,41,14
INTIMIDATION,68,86
KIDNAPPING,18,26
KIDNAPPING,45,40
KIDNAPPING,72,73
LIQUOR LAW VIOLATION,9,33
LIQUOR LAW VIOLATION,36,2
LIQUOR LAW VIOLATION,63,154
MOTOR VEHICLE THEFT,14,4679
MOTOR VEHICLE THEFT,41,2240
MOTOR VEHICLE THEFT,68,6958
NARCOTICS,21,2668
NARCOTICS,48,2066
NARCOTICS,75,3878
NON - CRIMINAL,37,1
NON - CRIMINAL,64,1
NON-CRIMINAL,12,2
NON-CRIMINAL,39,1
NON-CRIMINAL,66,7
NON-CRIMINAL (SUBJECT SPECIFIED),27,1
OBSCENITY,24,24
OBSCENITY,51,2
OFFENSE INVOLVING CHILDREN,19,1348
OFFENSE INVOLVING CHILDREN,46,1371
OFFENSE INVOLVING CHILDREN,73,751
OTHER NARCOTIC VIOLATION,24,9
OTHER OFFENSE,18,1531
OTHER OFFENSE,45,2397
OTHER OFFENSE,72,2114
PROSTITUTION,3,796
PROSTITUTION,30,1251
PROSTITUTION,57,550
PUBLIC INDECENCY,7,9
PUBLIC INDECENCY,34,2
PUBLIC INDECENCY,61,4
PUBLIC PEACE VIOLATION,15,621
PUBLIC PEACE VIOLATION,42,812
PUBLIC PEACE VIOLATION,69,904
ROBBERY,4,1253
ROBBERY,31,1830
ROBBERY,58,2327
SEX OFFENSE,19,710
SEX OFFENSE,46,386
SEX OFFENSE,73,255
STALKING,20,27
STALKING,47,6
STALKING,74,21
THEFT,17,10234
THEFT,44,30817
THEFT,71,28422
WEAPONS VIOLATION,4,720
WEAPONS VIOLATION,31,904
WEAPONS VIOLATION,58,956
ARSON,38,85
ARSON,65,113
ASSAULT,9,1557
ASSAULT,36,1250
ASSAULT,63,3568
ASSAULT,225,5
ASSAULT,333,8
ASSAULT,414,4
ASSAULT,522,3
ASSAULT,711,12
ASSAULT,1413,1
ASSAULT,2223,4
ASSAULT,2412,1
BATTERY,21,9807
BATTERY,48,5975
BATTERY,75,9106
BATTERY,723,13
BATTERY,831,26
BATTERY,912,9
BATTERY,1533,24
BATTERY,1614,3
BATTERY,1722,3
BATTERY,1911,5
BATTERY,2424,3
BATTERY,2532,10
BURGLARY,22,11010
BURGLARY,49,10908
BURGLARY,76,448
CONCEALED CARRY LICENSE VIOLATION,20,1
CONCEALED CARRY LICENSE VIOLATION,47,2
CONCEALED CARRY LICENSE VIOLATION,74,2
CRIM SEXUAL ASSAULT,25,1713
CRIM SEXUAL ASSAULT,52,107
CRIMINAL DAMAGE,22,17706
CRIMINAL DAMAGE,49,21881
CRIMINAL DAMAGE,76,3146
CRIMINAL SEXUAL ASSAULT,11,16
CRIMINAL SEXUAL ASSAULT,38,52
CRIMINAL SEXUAL ASSAULT,65,28
CRIMINAL TRESPASS,25,7971
CRIMINAL TRESPASS,52,544
DECEPTIVE PRACTICE,3,6730
DECEPTIVE PRACTICE,30,2862
DECEPTIVE PRACTICE,57,926
DECEPTIVE PRACTICE,813,1
DECEPTIVE PRACTICE,1812,1
GAMBLING,17,41
GAMBLING,44,195
GAMBLING,71,486
HOMICIDE,3,93
HOMICIDE,30,312
HOMICIDE,57,27
HUMAN TRAFFICKING,8,2
HUMAN TRAFFICKING,35,1
INTERFERENCE WITH PUBLIC OFFICER,21,81
INTERFERENCE WITH PUBLIC OFFICER,48,72
INTERFERENCE WITH PUBLIC OFFICER,75,130
INTIMIDATION,15,68
INTIMIDATION,42,67
INTIMIDATION,69,79
KIDNAPPING,19,163
KIDNAPPING,46,141
KIDNAPPING,73,113
LIQUOR LAW VIOLATION,10,66
LIQUOR LAW VIOLATION,37,12
LIQUOR LAW VIOLATION,64,53
MOTOR VEHICLE THEFT,15,5069
MOTOR VEHICLE THEFT,42,3305
MOTOR VEHICLE THEFT,69,7513
NARCOTICS,22,7371
NARCOTICS,49,19033
NARCOTICS,76,2459
NON - CRIMINAL,11,3
NON-CRIMINAL,13,2
NON-CRIMINAL,67,2
OBSCENITY,25,36
OBSCENITY,52,2
OFFENSE INVOLVING CHILDREN,20,486
OFFENSE INVOLVING CHILDREN,47,89
OFFENSE INVOLVING CHILDREN,74,254
OTHER NARCOTIC VIOLATION,25,4
OTHER OFFENSE,19,9409
OTHER OFFENSE,46,8666
OTHER OFFENSE,73,6167
PROSTITUTION,4,199
PROSTITUTION,31,587
PROSTITUTION,58,2213
PUBLIC INDECENCY,8,18
PUBLIC INDECENCY,35,1
PUBLIC INDECENCY,62,1
PUBLIC PEACE VIOLATION,16,570
PUBLIC PEACE VIOLATION,43,1077
PUBLIC PEACE VIOLATION,70,358
RITUALISM,8,2
ROBBERY,5,1037
ROBBERY,32,4482
ROBBERY,59,693
SEX OFFENSE,20,249
SEX OFFENSE,47,25
SEX OFFENSE,74,70
STALKING,21,32
STALKING,48,32
STALKING,75,34
THEFT,18,5095
THEFT,45,6408
THEFT,72,6395
WEAPONS VIOLATION,5,413
WEAPONS VIOLATION,32,434
WEAPONS VIOLATION,59,295
ARSON,39,34
ARSON,66,346
ASSAULT,10,2973
ASSAULT,37,1568
ASSAULT,64,1691
ASSAULT,334,4
ASSAULT,523,1
ASSAULT,631,1
ASSAULT,712,3
ASSAULT,1225,2
ASSAULT,1414,1
ASSAULT,1522,7
ASSAULT,2521,1
BATTERY,22,24307
BATTERY,49,35622
BATTERY,76,3834
BATTERY,211,16
BATTERY,724,15
BATTERY,832,12
BATTERY,913,11
BATTERY,1021,25
BATTERY,1723,3
BATTERY,1831,20
BATTERY,1912,2
BATTERY,2533,15
BURGLARY,23,8709
BURGLARY,50,1234
BURGLARY,77,3784
CONCEALED CARRY LICENSE VIOLATION,21,1
CONCEALED CARRY LICENSE VIOLATION,48,4
CONCEALED CARRY LICENSE VIOLATION,75,5
CRIM SEXUAL ASSAULT,26,429
CRIM SEXUAL ASSAULT,53,519
CRIMINAL DAMAGE,23,19463
CRIMINAL DAMAGE,50,3196
CRIMINAL DAMAGE,77,7335
CRIMINAL SEXUAL ASSAULT,12,8
CRIMINAL SEXUAL ASSAULT,39,21
CRIMINAL SEXUAL ASSAULT,66,84
CRIMINAL TRESPASS,26,1999
CRIMINAL TRESPASS,53,2035
DECEPTIVE PRACTICE,4,3168
DECEPTIVE PRACTICE,31,2513
DECEPTIVE PRACTICE,58,2135
GAMBLING,18,24
GAMBLING,45,29
GAMBLING,72,4
HOMICIDE,4,17
HOMICIDE,31,129
HOMICIDE,58,147
INTERFERENCE WITH PUBLIC OFFICER,22,201
INTERFERENCE WITH PUBLIC OFFICER,49,649
INTERFERENCE WITH PUBLIC OFFICER,76,42
INTIMIDATION,16,51
INTIMIDATION,43,110
INTIMIDATION,70,38
KIDNAPPING,20,53
KIDNAPPING,47,7
KIDNAPPING,74,86
LIQUOR LAW VIOLATION,11,95
LIQUOR LAW VIOLATION,38,70
LIQUOR LAW VIOLATION,65,78
MOTOR VEHICLE THEFT,16,6274
MOTOR VEHICLE THEFT,43,7770
MOTOR VEHICLE THEFT,70,3247
NARCOTICS,23,48699
NARCOTICS,50,1343
NARCOTICS,77,3009
NON - CRIMINAL,66,5
NON-CRIMINAL,14,2
NON-CRIMINAL (SUBJECT SPECIFIED),2,1
OBSCENITY,26,4
OBSCENITY,53,2
OFFENSE INVOLVING CHILDREN,21,472
OFFENSE INVOLVING CHILDREN,48,341
OFFENSE INVOLVING CHILDREN,75,631
OTHER NARCOTIC VIOLATION,26,1
OTHER OFFENSE,20,3359
OTHER OFFENSE,47,708
OTHER OFFENSE,74,1522
PROSTITUTION,5,127
PROSTITUTION,32,510
PROSTITUTION,59,32
PUBLIC INDECENCY,9,2
PUBLIC INDECENCY,36,1
PUBLIC INDECENCY,63,1
PUBLIC PEACE VIOLATION,17,481
PUBLIC PEACE VIOLATION,44,639
PUBLIC PEACE VIOLATION,71,1062
ROBBERY,6,5137
ROBBERY,33,1249
ROBBERY,60,914
SEX OFFENSE,21,318
SEX OFFENSE,48,90
SEX OFFENSE,75,143
STALKING,22,85
STALKING,49,94
STALKING,76,24
THEFT,19,25029
THEFT,46,17815
THEFT,73,13630
WEAPONS VIOLATION,6,604
WEAPONS VIOLATION,33,259
WEAPONS VIOLATION,60,326
ARSON,40,73
ARSON,67,445
ASSAULT,11,3830
ASSAULT,38,6485
ASSAULT,65,2345
ASSAULT,524,1
ASSAULT,632,4
ASSAULT,713,3
ASSAULT,1523,1
ASSAULT,1631,1
BATTERY,23,39820
BATTERY,50,4960
BATTERY,77,10482
BATTERY,131,16
BATTERY,212,16
BATTERY,725,20
BATTERY,833,6
BATTERY,914,3
BATTERY,1022,29
BATTERY,1211,7
BATTERY,1724,2
BATTERY,1832,10
BATTERY,1913,12
BATTERY,2534,11
BURGLARY,24,14863
BURGLARY,51,2573
CONCEALED CARRY LICENSE VIOLATION,22,4
CONCEALED CARRY LICENSE VIOLATION,49,19
CONCEALED CARRY LICENSE VIOLATION,76,159
CRIM SEXUAL ASSAULT,NULL,2044
CRIM SEXUAL ASSAULT,0,1
CRIM SEXUAL ASSAULT,27,412
CRIM SEXUAL ASSAULT,54,142
CRIMINAL DAMAGE,24,25693
CRIMINAL DAMAGE,51,6080
CRIMINAL SEXUAL ASSAULT,13,13
CRIMINAL SEXUAL ASSAULT,40,31
CRIMINAL SEXUAL ASSAULT,67,97
CRIMINAL TRESPASS,NULL,16340
CRIMINAL TRESPASS,0,3
CRIMINAL TRESPASS,27,2385
CRIMINAL TRESPASS,54,977
DECEPTIVE PRACTICE,5,3099
DECEPTIVE PRACTICE,32,19670
DECEPTIVE PRACTICE,59,1050
GAMBLING,19,61
GAMBLING,46,201
GAMBLING,73,149
HOMICIDE,5,21
HOMICIDE,32,27
HOMICIDE,59,32
HUMAN TRAFFICKING,10,1
HUMAN TRAFFICKING,37,1
INTERFERENCE WITH PUBLIC OFFICER,23,842
INTERFERENCE WITH PUBLIC OFFICER,50,107
INTERFERENCE WITH PUBLIC OFFICER,77,75
INTIMIDATION,17,41
INTIMIDATION,44,65
INTIMIDATION,71,106
KIDNAPPING,21,58
KIDNAPPING,48,45
KIDNAPPING,75,102
LIQUOR LAW VIOLATION,12,51
LIQUOR LAW VIOLATION,39,11
LIQUOR LAW VIOLATION,66,232
MOTOR VEHICLE THEFT,17,2963
MOTOR VEHICLE THEFT,44,6340
MOTOR VEHICLE THEFT,71,7212
NARCOTICS,24,9071
NARCOTICS,51,2734
NON-CRIMINAL,15,1
NON-CRIMINAL,42,2
NON-CRIMINAL,69,2
OBSCENITY,NULL,24
OBSCENITY,27,11
OBSCENITY,54,4
OFFENSE INVOLVING CHILDREN,22,1110
OFFENSE INVOLVING CHILDREN,49,1466
OFFENSE INVOLVING CHILDREN,76,93
OTHER NARCOTIC VIOLATION,NULL,9
OTHER NARCOTIC VIOLATION,54,1
OTHER OFFENSE,21,3978
OTHER OFFENSE,48,2836
OTHER OFFENSE,75,4279
PROSTITUTION,6,628
PROSTITUTION,33,56
PROSTITUTION,60,214
PUBLIC INDECENCY,10,2
PUBLIC INDECENCY,37,1
PUBLIC INDECENCY,64,2
PUBLIC PEACE VIOLATION,18,132
PUBLIC PEACE VIOLATION,45,142
PUBLIC PEACE VIOLATION,72,120
ROBBERY,7,3140
ROBBERY,34,1558
ROBBERY,61,4735
SEX OFFENSE,22,712
SEX OFFENSE,49,535
SEX OFFENSE,76,133
STALKING,23,88
STALKING,50,27
STALKING,77,38
THEFT,20,7056
THEFT,47,1398
THEFT,74,3282
WEAPONS VIOLATION,7,520
WEAPONS VIOLATION,34,208
WEAPONS VIOLATION,61,2769
ARSON,41,28
ARSON,68,386
ASSAULT,12,2631
ASSAULT,39,2572
ASSAULT,66,11240
ASSAULT,714,4
ASSAULT,822,1
ASSAULT,1011,3
ASSAULT,1524,1
ASSAULT,1713,1
ASSAULT,1821,2
BATTERY,24,25571
BATTERY,51,8056
BATTERY,132,7
BATTERY,213,10
BATTERY,321,28
BATTERY,726,12
BATTERY,834,4
BATTERY,915,13
BATTERY,1023,25
BATTERY,1131,19
BATTERY,1212,8
BATTERY,1833,12
BATTERY,1914,15
BATTERY,2022,3
BATTERY,2211,8
BATTERY,2535,13
BURGLARY,25,16602
BURGLARY,52,2320
CONCEALED CARRY LICENSE VIOLATION,23,9
CONCEALED CARRY LICENSE VIOLATION,50,4
CONCEALED CARRY LICENSE VIOLATION,77,1
CRIM SEXUAL ASSAULT,1,462
CRIM SEXUAL ASSAULT,28,633
CRIM SEXUAL ASSAULT,55,49
CRIMINAL DAMAGE,25,38856
CRIMINAL DAMAGE,52,6385
CRIMINAL SEXUAL ASSAULT,14,57
CRIMINAL SEXUAL ASSAULT,41,36
CRIMINAL SEXUAL ASSAULT,68,87
CRIMINAL TRESPASS,1,4203
CRIMINAL TRESPASS,28,9867
CRIMINAL TRESPASS,55,310
DECEPTIVE PRACTICE,6,11725
DECEPTIVE PRACTICE,33,3488
DECEPTIVE PRACTICE,60,1960
GAMBLING,20,13
GAMBLING,47,53
GAMBLING,74,3
HOMICIDE,6,40
HOMICIDE,33,40
HOMICIDE,60,42
HUMAN TRAFFICKING,11,1
HUMAN TRAFFICKING,38,2
INTERFERENCE WITH PUBLIC OFFICER,24,239
INTERFERENCE WITH PUBLIC OFFICER,51,126
INTIMIDATION,18,13
INTIMIDATION,45,24
INTIMIDATION,72,16
KIDNAPPING,22,138
KIDNAPPING,49,199
KIDNAPPING,76,10
LIQUOR LAW VIOLATION,13,51
LIQUOR LAW VIOLATION,40,65
LIQUOR LAW VIOLATION,67,172
MOTOR VEHICLE THEFT,18,1959
MOTOR VEHICLE THEFT,45,1663
MOTOR VEHICLE THEFT,72,919
NARCOTICS,25,92986
NARCOTICS,52,2069
NON-CRIMINAL,16,1
NON-CRIMINAL,43,1
OBSCENITY,1,13
OBSCENITY,28,18
OBSCENITY,55,3
OFFENSE INVOLVING CHILDREN,23,1578
OFFENSE INVOLVING CHILDREN,50,348
OFFENSE INVOLVING CHILDREN,77,349
OTHER NARCOTIC VIOLATION,1,5
OTHER NARCOTIC VIOLATION,28,3
OTHER OFFENSE,22,8029
OTHER OFFENSE,49,11799
OTHER OFFENSE,76,6569
PROSTITUTION,7,345
PROSTITUTION,34,44
PROSTITUTION,61,2205
PUBLIC INDECENCY,11,1
PUBLIC INDECENCY,38,3
PUBLIC INDECENCY,65,3
PUBLIC PEACE VIOLATION,19,1047
PUBLIC PEACE VIOLATION,46,827
PUBLIC PEACE VIOLATION,73,348
ROBBERY,8,6353
ROBBERY,35,2782
ROBBERY,62,946
SEX OFFENSE,23,598
SEX OFFENSE,50,79
SEX OFFENSE,77,325
STALKING,24,110
STALKING,51,34
THEFT,21,15175
THEFT,48,7313
THEFT,75,10613
WEAPONS VIOLATION,8,1585
WEAPONS VIOLATION,35,538
WEAPONS VIOLATION,62,226
ARSON,42,126
ARSON,69,260
ASSAULT,13,993
ASSAULT,40,5229
ASSAULT,67,14415
ASSAULT,634,4
ASSAULT,715,1
ASSAULT,823,5
ASSAULT,931,1
ASSAULT,1012,2
ASSAULT,1633,1
ASSAULT,1822,3
ASSAULT,2011,1
ASSAULT,2524,2
BATTERY,25,87196
BATTERY,52,5663
BATTERY,133,21
BATTERY,214,10
BATTERY,322,12
BATTERY,511,22
BATTERY,835,8
BATTERY,1024,20
BATTERY,1132,30
BATTERY,1213,3
BATTERY,1834,50
BATTERY,1915,4
BATTERY,2023,8
BATTERY,2212,8
BURGLARY,26,3626
BURGLARY,53,7772
CONCEALED CARRY LICENSE VIOLATION,24,4
CONCEALED CARRY LICENSE VIOLATION,51,7
CRIM SEXUAL ASSAULT,2,324
CRIM SEXUAL ASSAULT,29,743
CRIM SEXUAL ASSAULT,56,158
CRIMINAL DAMAGE,26,10182
CRIMINAL DAMAGE,53,14816
CRIMINAL SEXUAL ASSAULT,15,37
CRIMINAL SEXUAL ASSAULT,42,61
CRIMINAL SEXUAL ASSAULT,69,95
CRIMINAL TRESPASS,2,2219
CRIMINAL TRESPASS,29,3826
CRIMINAL TRESPASS,56,1289
DECEPTIVE PRACTICE,7,7729
DECEPTIVE PRACTICE,34,1860
DECEPTIVE PRACTICE,61,3395
GAMBLING,21,29
GAMBLING,48,38
GAMBLING,75,59
HOMICIDE,7,20
HOMICIDE,34,27
HOMICIDE,61,354
HUMAN TRAFFICKING,12,1
INTERFERENCE WITH PUBLIC OFFICER,25,1664
INTERFERENCE WITH PUBLIC OFFICER,52,66
INTIMIDATION,19,121
INTIMIDATION,46,91
INTIMIDATION,73,32
KIDNAPPING,23,156
KIDNAPPING,50,49
KIDNAPPING,77,33
LIQUOR LAW VIOLATION,14,278
LIQUOR LAW VIOLATION,41,27
LIQUOR LAW VIOLATION,68,144
MOTOR VEHICLE THEFT,19,9490
MOTOR VEHICLE THEFT,46,4116
MOTOR VEHICLE THEFT,73,3566
NARCOTICS,26,35643
NARCOTICS,53,11458
NON - CRIMINAL,15,1
NON-CRIMINAL,17,1
NON-CRIMINAL,44,2
NON-CRIMINAL,71,2
OBSCENITY,2,21
OBSCENITY,29,18
OBSCENITY,56,7
OFFENSE INVOLVING CHILDREN,24,771
OFFENSE INVOLVING CHILDREN,51,528
OTHER NARCOTIC VIOLATION,2,1
OTHER OFFENSE,23,11345
OTHER OFFENSE,50,2071
OTHER OFFENSE,77,4807
PROSTITUTION,8,3914
PROSTITUTION,35,76
PROSTITUTION,62,7
PUBLIC PEACE VIOLATION,20,533
PUBLIC PEACE VIOLATION,47,68
PUBLIC PEACE VIOLATION,74,74
ROBBERY,9,113
ROBBERY,36,491
ROBBERY,63,2452
SEX OFFENSE,24,752
SEX OFFENSE,51,117
STALKING,25,127
STALKING,52,24
THEFT,22,43106
THEFT,49,25375
THEFT,76,12648
WEAPONS VIOLATION,9,305
WEAPONS VIOLATION,36,176
WEAPONS VIOLATION,63,1038
ARSON,43,278
ARSON,70,106
ASSAULT,14,4081
ASSAULT,41,2196
ASSAULT,68,13347
ASSAULT,122,1
ASSAULT,824,1
ASSAULT,1013,2
ASSAULT,1121,2
ASSAULT,1634,2
ASSAULT,1823,1
ASSAULT,1931,1
ASSAULT,2012,2
BATTERY,26,24552
BATTERY,53,23581
BATTERY,215,13
BATTERY,323,13
BATTERY,431,14
BATTERY,512,20
BATTERY,1133,27
BATTERY,1214,5
BATTERY,1511,13
BATTERY,2024,2
BATTERY,2213,6
BURGLARY,NULL,32225
BURGLARY,27,3868
BURGLARY,54,1343
CONCEALED CARRY LICENSE VIOLATION,25,24
CONCEALED CARRY LICENSE VIOLATION,52,2
CRIM SEXUAL ASSAULT,3,486
CRIM SEXUAL ASSAULT,30,473
CRIM SEXUAL ASSAULT,57,82
CRIMINAL DAMAGE,NULL,70119
CRIMINAL DAMAGE,0,12
CRIMINAL DAMAGE,27,10619
CRIMINAL DAMAGE,54,4110
CRIMINAL SEXUAL ASSAULT,16,44
CRIMINAL SEXUAL ASSAULT,43,152
CRIMINAL SEXUAL ASSAULT,70,33
CRIMINAL TRESPASS,3,4163
CRIMINAL TRESPASS,30,1639
CRIMINAL TRESPASS,57,276
DECEPTIVE PRACTICE,8,24314
DECEPTIVE PRACTICE,35,2953
DECEPTIVE PRACTICE,62,1225
GAMBLING,22,51
GAMBLING,49,357
GAMBLING,76,1
HOMICIDE,8,113
HOMICIDE,35,87
HOMICIDE,62,30
HUMAN TRAFFICKING,13,1
HUMAN TRAFFICKING,40,3
HUMAN TRAFFICKING,67,5
INTERFERENCE WITH PUBLIC OFFICER,26,641
INTERFERENCE WITH PUBLIC OFFICER,53,387
INTIMIDATION,20,23
INTIMIDATION,47,4
INTIMIDATION,74,18
KIDNAPPING,24,88
KIDNAPPING,51,53
LIQUOR LAW VIOLATION,15,311
LIQUOR LAW VIOLATION,42,86
LIQUOR LAW VIOLATION,69,162
MOTOR VEHICLE THEFT,20,2989
MOTOR VEHICLE THEFT,47,378
MOTOR VEHICLE THEFT,74,258
NARCOTICS,NULL,66171
NARCOTICS,0,2
NARCOTICS,27,29240
NARCOTICS,54,2009
NON - CRIMINAL,43,1
NON - CRIMINAL,70,3
NON-CRIMINAL (SUBJECT SPECIFIED),60,1
OBSCENITY,3,11
OBSCENITY,30,10
OBSCENITY,57,5
OFFENSE INVOLVING CHILDREN,25,2818
OFFENSE INVOLVING CHILDREN,52,470
OTHER NARCOTIC VIOLATION,3,5
OTHER NARCOTIC VIOLATION,30,1
OTHER OFFENSE,24,8410
OTHER OFFENSE,51,3319
PROSTITUTION,9,7
PROSTITUTION,63,172
PUBLIC INDECENCY,40,1
PUBLIC INDECENCY,67,2
PUBLIC PEACE VIOLATION,21,377
PUBLIC PEACE VIOLATION,48,145
PUBLIC PEACE VIOLATION,75,253
RITUALISM,67,1
ROBBERY,10,309
ROBBERY,37,1171
ROBBERY,64,407
SEX OFFENSE,25,1234
SEX OFFENSE,52,147
STALKING,26,37
STALKING,53,61
THEFT,23,27498
THEFT,50,4607
THEFT,77,19113
WEAPONS VIOLATION,10,279
WEAPONS VIOLATION,37,392
WEAPONS VIOLATION,64,159
ARSON,44,187
ARSON,71,291
ASSAULT,15,6104
ASSAULT,42,7655
ASSAULT,69,12477
ASSAULT,123,3
ASSAULT,231,3
ASSAULT,312,6
ASSAULT,825,4
ASSAULT,933,4
ASSAULT,1014,2
ASSAULT,1122,5
ASSAULT,1824,2
ASSAULT,2013,2
BATTERY,NULL,111893
BATTERY,0,13
BATTERY,27,24934
BATTERY,54,8313
BATTERY,324,20
BATTERY,432,9
BATTERY,513,15
BATTERY,621,17
BATTERY,1134,28
BATTERY,1431,2
BATTERY,1512,14
BATTERY,2511,11
BURGLARY,1,5411
BURGLARY,28,6372
BURGLARY,55,1050
CONCEALED CARRY LICENSE VIOLATION,26,17
CONCEALED CARRY LICENSE VIOLATION,53,15
CRIM SEXUAL ASSAULT,4,216
CRIM SEXUAL ASSAULT,31,219
CRIM SEXUAL ASSAULT,58,265
CRIMINAL DAMAGE,1,12584
CRIMINAL DAMAGE,28,18792
CRIMINAL DAMAGE,55,2368
CRIMINAL SEXUAL ASSAULT,17,18
CRIMINAL SEXUAL ASSAULT,44,67
CRIMINAL SEXUAL ASSAULT,71,96
CRIMINAL TRESPASS,4,1544
CRIMINAL TRESPASS,31,1501
CRIMINAL TRESPASS,58,924
DECEPTIVE PRACTICE,9,710
DECEPTIVE PRACTICE,36,621
DECEPTIVE PRACTICE,63,1804
GAMBLING,23,926
GAMBLING,50,27
GAMBLING,77,52
HOMICIDE,9,2
HOMICIDE,36,26
HOMICIDE,63,151
HUMAN TRAFFICKING,14,1
HUMAN TRAFFICKING,41,2
HUMAN TRAFFICKING,68,1
INTERFERENCE WITH PUBLIC OFFICER,NULL,501
INTERFERENCE WITH PUBLIC OFFICER,27,486
INTERFERENCE WITH PUBLIC OFFICER,54,95
INTIMIDATION,21,27
INTIMIDATION,48,22
INTIMIDATION,75,42
KIDNAPPING,25,326
KIDNAPPING,52,74
LIQUOR LAW VIOLATION,16,244
LIQUOR LAW VIOLATION,43,131
LIQUOR LAW VIOLATION,70,60
MOTOR VEHICLE THEFT,21,4360
MOTOR VEHICLE THEFT,48,2114
MOTOR VEHICLE THEFT,75,1859
NARCOTICS,1,9826
NARCOTICS,28,12568
NARCOTICS,55,793
NON-CRIMINAL,19,9
NON-CRIMINAL,73,1
NON-CRIMINAL (SUBJECT SPECIFIED),61,1
OBSCENITY,4,7
OBSCENITY,31,9
OBSCENITY,58,15
OFFENSE INVOLVING CHILDREN,26,638
OFFENSE INVOLVING CHILDREN,53,1086
OTHER NARCOTIC VIOLATION,4,4
OTHER NARCOTIC VIOLATION,31,1
OTHER OFFENSE,25,26082
OTHER OFFENSE,52,2574
PROSTITUTION,10,37
PROSTITUTION,37,35
PROSTITUTION,64,11
PUBLIC INDECENCY,14,2
PUBLIC INDECENCY,41,2
PUBLIC INDECENCY,68,2
PUBLIC PEACE VIOLATION,22,1328
PUBLIC PEACE VIOLATION,49,890
PUBLIC PEACE VIOLATION,76,398
RITUALISM,68,1
ROBBERY,11,548
ROBBERY,38,4091
ROBBERY,65,1632
SEX OFFENSE,26,253
SEX OFFENSE,53,353
STALKING,NULL,253
STALKING,27,75
STALKING,54,23
THEFT,24,64838
THEFT,51,8238
WEAPONS VIOLATION,11,479
WEAPONS VIOLATION,38,1119
WEAPONS VIOLATION,65,317
ARSON,45,50
ARSON,72,27
ASSAULT,16,4471
ASSAULT,43,15852
ASSAULT,70,3876
ASSAULT,124,3
ASSAULT,232,1
ASSAULT,313,4
ASSAULT,421,6
ASSAULT,934,3
ASSAULT,1123,2
ASSAULT,1231,1
ASSAULT,1933,2
BATTERY,1,19933
BATTERY,28,27514
BATTERY,55,2618
BATTERY,433,14
BATTERY,622,7
BATTERY,811,5
BATTERY,1135,15
BATTERY,1432,2
BATTERY,1513,20
BATTERY,1621,6
BATTERY,2431,5
BATTERY,2512,13
BURGLARY,2,6476
BURGLARY,29,7390
BURGLARY,56,3583
CONCEALED CARRY LICENSE VIOLATION,27,15
CONCEALED CARRY LICENSE VIOLATION,54,2
CRIM SEXUAL ASSAULT,5,145
CRIM SEXUAL ASSAULT,32,330
CRIM SEXUAL ASSAULT,59,69
CRIMINAL DAMAGE,2,13234
CRIMINAL DAMAGE,29,18592
CRIMINAL DAMAGE,56,8793
CRIMINAL SEXUAL ASSAULT,18,12
CRIMINAL SEXUAL ASSAULT,45,17
CRIMINAL SEXUAL ASSAULT,72,7
CRIMINAL TRESPASS,5,2002
CRIMINAL TRESPASS,32,7460
CRIMINAL TRESPASS,59,477
DECEPTIVE PRACTICE,10,2494
DECEPTIVE PRACTICE,37,1223
DECEPTIVE PRACTICE,64,1545
GAMBLING,24,114
GAMBLING,51,62
HOMICIDE,10,9
HOMICIDE,37,44
HOMICIDE,64,19
HUMAN TRAFFICKING,15,2
HUMAN TRAFFICKING,42,1
HUMAN TRAFFICKING,69,4
INTERFERENCE WITH PUBLIC OFFICER,1,298
INTERFERENCE WITH PUBLIC OFFICER,28,288
INTERFERENCE WITH PUBLIC OFFICER,55,21
INTIMIDATION,22,89
INTIMIDATION,49,101
INTIMIDATION,76,14
KIDNAPPING,26,82
KIDNAPPING,53,140
LIQUOR LAW VIOLATION,17,160
LIQUOR LAW VIOLATION,44,101
LIQUOR LAW VIOLATION,71,213
MOTOR VEHICLE THEFT,22,10076
MOTOR VEHICLE THEFT,49,6482
MOTOR VEHICLE THEFT,76,1417
NARCOTICS,2,4479
NARCOTICS,29,44244
NARCOTICS,56,3235
NON-CRIMINAL,20,2
OBSCENITY,5,12
OBSCENITY,32,12
OBSCENITY,59,3
OFFENSE INVOLVING CHILDREN,NULL,2484
OFFENSE INVOLVING CHILDREN,27,684
OFFENSE INVOLVING CHILDREN,54,320
OTHER NARCOTIC VIOLATION,32,14
OTHER OFFENSE,26,5449
OTHER OFFENSE,53,7827
PROSTITUTION,11,10
PROSTITUTION,38,2061
PROSTITUTION,65,20
PUBLIC INDECENCY,15,2
PUBLIC INDECENCY,42,1
PUBLIC INDECENCY,69,4
PUBLIC PEACE VIOLATION,23,1312
PUBLIC PEACE VIOLATION,50,132
PUBLIC PEACE VIOLATION,77,453
RITUALISM,69,1
ROBBERY,12,183
ROBBERY,39,1535
ROBBERY,66,8006
SEX OFFENSE,NULL,2392
SEX OFFENSE,27,284
SEX OFFENSE,54,132
STALKING,1,69
STALKING,28,120
STALKING,55,24
THEFT,25,56793
THEFT,52,4447
WEAPONS VIOLATION,12,361
WEAPONS VIOLATION,39,277
WEAPONS VIOLATION,66,2567
ARSON,46,220
ARSON,73,110
ASSAULT,17,3110
ASSAULT,44,10080
ASSAULT,71,13654
ASSAULT,233,3
ASSAULT,314,3
ASSAULT,422,3
ASSAULT,611,3
ASSAULT,935,2
ASSAULT,1124,2
ASSAULT,1934,2
BATTERY,2,17080
BATTERY,29,42159
BATTERY,56,7040
BATTERY,434,12
BATTERY,623,11
BATTERY,731,16
BATTERY,812,4
BATTERY,1433,3
BATTERY,1622,6
BATTERY,1811,4
BATTERY,2432,12
BATTERY,2513,4
BURGLARY,3,4045
BURGLARY,30,4948
BURGLARY,57,1941
CONCEALED CARRY LICENSE VIOLATION,28,18
CONCEALED CARRY LICENSE VIOLATION,55,2
CRIM SEXUAL ASSAULT,6,595
CRIM SEXUAL ASSAULT,33,118
CRIM SEXUAL ASSAULT,60,142
CRIMINAL DAMAGE,3,9567
CRIMINAL DAMAGE,30,13227
CRIMINAL DAMAGE,57,3926
CRIMINAL SEXUAL ASSAULT,19,64
CRIMINAL SEXUAL ASSAULT,46,65
CRIMINAL SEXUAL ASSAULT,73,48
CRIMINAL TRESPASS,6,4316
CRIMINAL TRESPASS,33,7291
CRIMINAL TRESPASS,60,1065
DECEPTIVE PRACTICE,11,2085
DECEPTIVE PRACTICE,38,3043
DECEPTIVE PRACTICE,65,2228
GAMBLING,25,2412
GAMBLING,52,7
HOMICIDE,11,15
HOMICIDE,38,180
HOMICIDE,65,36
HUMAN TRAFFICKING,43,1
INTERFERENCE WITH PUBLIC OFFICER,2,146
INTERFERENCE WITH PUBLIC OFFICER,29,637
INTERFERENCE WITH PUBLIC OFFICER,56,75
INTIMIDATION,23,82
INTIMIDATION,50,58
INTIMIDATION,77,35
KIDNAPPING,NULL,1156
KIDNAPPING,27,77
KIDNAPPING,54,27
LIQUOR LAW VIOLATION,18,29
LIQUOR LAW VIOLATION,45,13
LIQUOR LAW VIOLATION,72,69
MOTOR VEHICLE THEFT,23,8864
MOTOR VEHICLE THEFT,50,1055
MOTOR VEHICLE THEFT,77,2231
NARCOTICS,3,10897
NARCOTICS,30,9067
NARCOTICS,57,811
NON-CRIMINAL,75,2
OBSCENITY,6,14
OBSCENITY,33,8
OBSCENITY,60,8
OFFENSE INVOLVING CHILDREN,1,729
OFFENSE INVOLVING CHILDREN,28,977
OFFENSE INVOLVING CHILDREN,55,185
OTHER NARCOTIC VIOLATION,6,15
OTHER NARCOTIC VIOLATION,33,2
OTHER OFFENSE,NULL,39248
OTHER OFFENSE,0,11
OTHER OFFENSE,27,6272
OTHER OFFENSE,54,2014
PROSTITUTION,12,8
PROSTITUTION,39,10
PROSTITUTION,66,561
PUBLIC INDECENCY,16,1
PUBLIC INDECENCY,43,3
PUBLIC PEACE VIOLATION,24,972
PUBLIC PEACE VIOLATION,51,258
RITUALISM,1123,1
ROBBERY,13,493
ROBBERY,40,3418
ROBBERY,67,7773
SEX OFFENSE,1,575
SEX OFFENSE,28,640
SEX OFFENSE,55,55
STALKING,2,58
STALKING,29,95
STALKING,56,35
THEFT,26,13823
THEFT,53,14029
WEAPONS VIOLATION,13,91
WEAPONS VIOLATION,40,1059
WEAPONS VIOLATION,67,4602
ARSON,47,27
ARSON,74,15
ASSAULT,18,1362
ASSAULT,45,2247
ASSAULT,72,1254
ASSAULT,234,4
ASSAULT,423,5
ASSAULT,531,3
ASSAULT,612,1
ASSAULT,1422,2
ASSAULT,2232,3
BATTERY,3,19530
BATTERY,30,22468
BATTERY,57,2905
BATTERY,111,16
BATTERY,624,16
BATTERY,732,12
BATTERY,813,9
BATTERY,921,8
BATTERY,1434,2
BATTERY,1623,12
BATTERY,1731,2
BATTERY,1812,2
BATTERY,2433,5
BATTERY,2514,11
BURGLARY,4,3537
BURGLARY,31,3116
BURGLARY,58,4684
CONCEALED CARRY LICENSE VIOLATION,2,4
CONCEALED CARRY LICENSE VIOLATION,29,45
CONCEALED CARRY LICENSE VIOLATION,56,111
CRIM SEXUAL ASSAULT,7,314
CRIM SEXUAL ASSAULT,34,44
CRIM SEXUAL ASSAULT,61,554
CRIMINAL DAMAGE,4,7464
CRIMINAL DAMAGE,31,9009
CRIMINAL DAMAGE,58,9258
CRIMINAL SEXUAL ASSAULT,20,25
CRIMINAL SEXUAL ASSAULT,47,5
CRIMINAL SEXUAL ASSAULT,74,3
CRIMINAL TRESPASS,7,3405
CRIMINAL TRESPASS,34,1080
CRIMINAL TRESPASS,61,2676
DECEPTIVE PRACTICE,12,1244
DECEPTIVE PRACTICE,39,1892
DECEPTIVE PRACTICE,66,5038
GAMBLING,26,452
GAMBLING,53,177
HOMICIDE,12,4
HOMICIDE,39,36
HOMICIDE,66,332
HUMAN TRAFFICKING,44,1
HUMAN TRAFFICKING,71,6
INTERFERENCE WITH PUBLIC OFFICER,3,186
INTERFERENCE WITH PUBLIC OFFICER,30,244
INTERFERENCE WITH PUBLIC OFFICER,57,19
INTIMIDATION,24,103
INTIMIDATION,51,34
KIDNAPPING,1,73
KIDNAPPING,28,66
KIDNAPPING,55,18
LIQUOR LAW VIOLATION,19,339
LIQUOR LAW VIOLATION,46,190
LIQUOR LAW VIOLATION,73,38
MOTOR VEHICLE THEFT,24,9832
MOTOR VEHICLE THEFT,51,1610
NARCOTICS,4,2754
NARCOTICS,31,3987
NARCOTICS,58,4454
NON-CRIMINAL,22,3
NON-CRIMINAL,76,20
NON-CRIMINAL (SUBJECT SPECIFIED),37,1
OBSCENITY,7,9
OBSCENITY,34,2
OBSCENITY,61,14
OFFENSE INVOLVING CHILDREN,2,747
OFFENSE INVOLVING CHILDREN,29,1254
OFFENSE INVOLVING CHILDREN,56,383
OTHER NARCOTIC VIOLATION,7,3
OTHER NARCOTIC VIOLATION,61,1
OTHER OFFENSE,1,7264
OTHER OFFENSE,28,10036
OTHER OFFENSE,55,1284
PROSTITUTION,13,48
PROSTITUTION,40,1280
PROSTITUTION,67,2166
PUBLIC INDECENCY,17,1
PUBLIC INDECENCY,44,7
PUBLIC INDECENCY,71,3
PUBLIC PEACE VIOLATION,25,2738
PUBLIC PEACE VIOLATION,52,269
RITUALISM,44,1
RITUALISM,71,1
ROBBERY,14,2354
ROBBERY,41,2379
ROBBERY,68,7858
SEX OFFENSE,2,483
SEX OFFENSE,29,571
SEX OFFENSE,56,204
STALKING,3,44
STALKING,30,64
STALKING,57,9
THEFT,NULL,119305
THEFT,0,18
THEFT,27,15214
THEFT,54,2979
WEAPONS VIOLATION,14,659
WEAPONS VIOLATION,41,179
WEAPONS VIOLATION,68,3882
ARSON,48,39
ARSON,75,69
ASSAULT,19,8033
ASSAULT,46,9708
ASSAULT,73,5158
ASSAULT,235,2
ASSAULT,424,3
ASSAULT,532,4
ASSAULT,613,3
ASSAULT,1234,1
ASSAULT,2233,1
ASSAULT,2422,5
BATTERY,4,12646
BATTERY,31,11187
BATTERY,58,11585
BATTERY,112,17
BATTERY,733,12
BATTERY,814,2
BATTERY,922,9
BATTERY,1111,22
BATTERY,1624,6
BATTERY,1651,4
BATTERY,1732,3
BATTERY,1813,3
BATTERY,1921,5
BATTERY,2515,15
BURGLARY,5,3941
BURGLARY,32,2352
BURGLARY,59,1911
CONCEALED CARRY LICENSE VIOLATION,3,5
CONCEALED CARRY LICENSE VIOLATION,30,17
CONCEALED CARRY LICENSE VIOLATION,57,1
CRIM SEXUAL ASSAULT,8,801
CRIM SEXUAL ASSAULT,35,253
CRIM SEXUAL ASSAULT,62,80
CRIMINAL DAMAGE,5,5861
CRIMINAL DAMAGE,32,7697
CRIMINAL DAMAGE,59,4481
CRIMINAL SEXUAL ASSAULT,21,31
CRIMINAL SEXUAL ASSAULT,48,29
CRIMINAL SEXUAL ASSAULT,75,17
CRIMINAL TRESPASS,8,13621
CRIMINAL TRESPASS,35,5814
CRIMINAL TRESPASS,62,500
DECEPTIVE PRACTICE,13,1364
DECEPTIVE PRACTICE,40,1623
DECEPTIVE PRACTICE,67,4282
GAMBLING,NULL,1107
GAMBLING,27,495
GAMBLING,54,44
HOMICIDE,13,13
HOMICIDE,40,176
HOMICIDE,67,472
HUMAN TRAFFICKING,18,1
INTERFERENCE WITH PUBLIC OFFICER,4,60
INTERFERENCE WITH PUBLIC OFFICER,31,108
INTERFERENCE WITH PUBLIC OFFICER,58,142
INTIMIDATION,25,170
INTIMIDATION,52,28
KIDNAPPING,2,98
KIDNAPPING,29,104
KIDNAPPING,56,41
LIQUOR LAW VIOLATION,20,126
LIQUOR LAW VIOLATION,47,8
LIQUOR LAW VIOLATION,74,79
MOTOR VEHICLE THEFT,25,17542
MOTOR VEHICLE THEFT,52,1088
NARCOTICS,5,1829
NARCOTICS,32,3576
NARCOTICS,59,1722
NON-CRIMINAL,23,1
NON-CRIMINAL,50,2
NON-CRIMINAL,77,2
NON-CRIMINAL (SUBJECT SPECIFIED),65,1
OBSCENITY,8,27
OBSCENITY,35,4
OBSCENITY,62,7
OFFENSE INVOLVING CHILDREN,3,665
OFFENSE INVOLVING CHILDREN,30,1224
OFFENSE INVOLVING CHILDREN,57,191
OTHER NARCOTIC VIOLATION,8,10
OTHER OFFENSE,2,6628
OTHER OFFENSE,29,10779
OTHER OFFENSE,56,3497
PROSTITUTION,14,576
PROSTITUTION,41,4
PROSTITUTION,68,2032
PUBLIC INDECENCY,45,1
PUBLIC PEACE VIOLATION,26,668
PUBLIC PEACE VIOLATION,53,592
ROBBERY,15,2081
ROBBERY,42,4687
ROBBERY,69,8567
SEX OFFENSE,3,775
SEX OFFENSE,30,647
SEX OFFENSE,57,124
STALKING,4,40
STALKING,31,45
STALKING,58,38
THEFT,1,24386
THEFT,28,65164
THEFT,55,2861
WEAPONS VIOLATION,15,749
WEAPONS VIOLATION,42,1668
WEAPONS VIOLATION,69,3083
ARSON,49,346
ARSON,76,13
ASSAULT,20,3022
ASSAULT,47,783
ASSAULT,74,975
ASSAULT,614,5
ASSAULT,722,8
ASSAULT,1235,1
ASSAULT,1424,2
ASSAULT,1532,2
ASSAULT,1613,1
ASSAULT,2531,2
BATTERY,5,8297
BATTERY,32,14173
BATTERY,59,4058
BATTERY,113,17
BATTERY,221,14
BATTERY,734,16
BATTERY,815,8
BATTERY,923,8
BATTERY,1031,10
BATTERY,1112,37
BATTERY,1652,5
BATTERY,1733,3
BATTERY,1814,3
BATTERY,1922,1
BURGLARY,6,10101
BURGLARY,33,1360
BURGLARY,60,3444
CONCEALED CARRY LICENSE VIOLATION,4,2
CONCEALED CARRY LICENSE VIOLATION,31,7
CONCEALED CARRY LICENSE VIOLATION,58,1
CRIM SEXUAL ASSAULT,9,35
CRIM SEXUAL ASSAULT,36,63
CRIM SEXUAL ASSAULT,63,264
CRIMINAL DAMAGE,6,14165
CRIMINAL DAMAGE,33,3914
CRIMINAL DAMAGE,60,7621
CRIMINAL SEXUAL ASSAULT,22,71
CRIMINAL SEXUAL ASSAULT,49,92
CRIMINAL SEXUAL ASSAULT,76,13
CRIMINAL TRESPASS,9,407
CRIMINAL TRESPASS,36,567
CRIMINAL TRESPASS,63,968
DECEPTIVE PRACTICE,14,2476
DECEPTIVE PRACTICE,41,4488
DECEPTIVE PRACTICE,68,3889
GAMBLING,1,157
GAMBLING,28,219
GAMBLING,55,11
HOMICIDE,14,73
HOMICIDE,41,26
HOMICIDE,68,495
HUMAN TRAFFICKING,46,2
HUMAN TRAFFICKING,73,1
INTERFERENCE WITH PUBLIC OFFICER,5,60
INTERFERENCE WITH PUBLIC OFFICER,32,195
INTERFERENCE WITH PUBLIC OFFICER,59,45
INTIMIDATION,26,39
INTIMIDATION,53,73
KIDNAPPING,3,56
KIDNAPPING,30,100
KIDNAPPING,57,40
LIQUOR LAW VIOLATION,21,179
LIQUOR LAW VIOLATION,48,60
LIQUOR LAW VIOLATION,75,57
MOTOR VEHICLE THEFT,26,4323
MOTOR VEHICLE THEFT,53,4121
NARCOTICS,6,4237
NARCOTICS,33,3333
NARCOTICS,60,1803
NON - CRIMINAL,22,1
NON - CRIMINAL,49,1
NON - CRIMINAL,76,1
NON-CRIMINAL,24,4
NON-CRIMINAL,51,2
OBSCENITY,9,4
OBSCENITY,36,3
OBSCENITY,63,10
OFFENSE INVOLVING CHILDREN,4,396
OFFENSE INVOLVING CHILDREN,31,517
OFFENSE INVOLVING CHILDREN,58,712
OTHER OFFENSE,3,6133
OTHER OFFENSE,30,8833
OTHER OFFENSE,57,1246
PROSTITUTION,15,366
PROSTITUTION,42,634
PROSTITUTION,69,481
PUBLIC INDECENCY,19,4
PUBLIC INDECENCY,73,1
PUBLIC PEACE VIOLATION,NULL,2882
PUBLIC PEACE VIOLATION,27,645
PUBLIC PEACE VIOLATION,54,121
RITUALISM,46,2
ROBBERY,16,2263
ROBBERY,43,9935
ROBBERY,70,2616
SEX OFFENSE,4,384
SEX OFFENSE,31,352
SEX OFFENSE,58,440
STALKING,5,47
STALKING,32,109
STALKING,59,17
THEFT,2,23824
THEFT,29,23930
THEFT,56,11228
WEAPONS VIOLATION,16,540
WEAPONS VIOLATION,43,2831
WEAPONS VIOLATION,70,570
ARSON,50,35
ARSON,77,62
ASSAULT,21,3564
ASSAULT,48,2398
ASSAULT,75,3537
ASSAULT,723,6
ASSAULT,831,5
ASSAULT,912,2
ASSAULT,1533,3
ASSAULT,1614,1
ASSAULT,1722,2
ASSAULT,2532,1
BATTERY,6,19625
BATTERY,33,7079
BATTERY,60,6846
BATTERY,114,10
BATTERY,222,15
BATTERY,411,20
BATTERY,735,12
BATTERY,924,6
BATTERY,1032,7
BATTERY,1113,20
BATTERY,1221,4
BATTERY,1653,2
BATTERY,1923,6
BATTERY,2031,12
BURGLARY,7,8037
BURGLARY,34,1179
BURGLARY,61,7292
CONCEALED CARRY LICENSE VIOLATION,32,9
CONCEALED CARRY LICENSE VIOLATION,59,6
CRIM SEXUAL ASSAULT,10,122
CRIM SEXUAL ASSAULT,37,85
CRIM SEXUAL ASSAULT,64,74
CRIMINAL DAMAGE,7,12975
CRIMINAL DAMAGE,34,2994
CRIMINAL DAMAGE,61,15144
CRIMINAL SEXUAL ASSAULT,23,99
CRIMINAL SEXUAL ASSAULT,50,12
CRIMINAL SEXUAL ASSAULT,77,57
CRIMINAL TRESPASS,10,932
CRIMINAL TRESPASS,37,1066
CRIMINAL TRESPASS,64,449
DECEPTIVE PRACTICE,15,4417
DECEPTIVE PRACTICE,42,3459
DECEPTIVE PRACTICE,69,5397
GAMBLING,2,90
GAMBLING,29,1027
GAMBLING,56,35
HOMICIDE,15,41
HOMICIDE,42,197
HOMICIDE,69,426
INTERFERENCE WITH PUBLIC OFFICER,6,171
INTERFERENCE WITH PUBLIC OFFICER,33,98
INTERFERENCE WITH PUBLIC OFFICER,60,73
INTIMIDATION,NULL,341
INTIMIDATION,27,69
INTIMIDATION,54,12
KIDNAPPING,4,61
KIDNAPPING,31,40
KIDNAPPING,58,88
LIQUOR LAW VIOLATION,22,443
LIQUOR LAW VIOLATION,49,98
LIQUOR LAW VIOLATION,76,20
MOTOR VEHICLE THEFT,NULL,30075
MOTOR VEHICLE THEFT,0,2
MOTOR VEHICLE THEFT,27,4782
MOTOR VEHICLE THEFT,54,835
NARCOTICS,7,1878
NARCOTICS,34,1489
NARCOTICS,61,17053
NON - CRIMINAL,23,1
NON - CRIMINAL,50,2
NON-CRIMINAL,25,5
OBSCENITY,10,8
OBSCENITY,37,2
OBSCENITY,64,6
OFFENSE INVOLVING CHILDREN,5,319
OFFENSE INVOLVING CHILDREN,32,173
OFFENSE INVOLVING CHILDREN,59,217
OTHER NARCOTIC VIOLATION,37,1
OTHER OFFENSE,4,3572
OTHER OFFENSE,31,3778
OTHER OFFENSE,58,4216
PROSTITUTION,16,87
PROSTITUTION,43,1045
PROSTITUTION,70,41
PUBLIC PEACE VIOLATION,1,687
PUBLIC PEACE VIOLATION,28,1076
PUBLIC PEACE VIOLATION,55,102
ROBBERY,17,748
ROBBERY,44,7819
ROBBERY,71,8729
SEX OFFENSE,5,234
SEX OFFENSE,32,612
SEX OFFENSE,59,134
STALKING,6,87
STALKING,33,43
STALKING,60,27
THEFT,3,25231
THEFT,30,18250
THEFT,57,5408
WEAPONS VIOLATION,17,370
WEAPONS VIOLATION,44,2116
WEAPONS VIOLATION,71,3610
ARSON,51,83
ASSAULT,22,9096
ASSAULT,49,13083
ASSAULT,76,1504
ASSAULT,211,2
ASSAULT,724,4
ASSAULT,832,2
ASSAULT,913,1
ASSAULT,1021,5
ASSAULT,1831,1
ASSAULT,1912,3
ASSAULT,2533,2
BATTERY,7,13354
BATTERY,34,3779
BATTERY,61,28482
BATTERY,223,9
BATTERY,331,18
BATTERY,412,10
BATTERY,925,6
BATTERY,1033,10
BATTERY,1114,9
BATTERY,1222,10
BATTERY,1411,1
BATTERY,1654,2
BATTERY,1924,7
BATTERY,2032,3
BATTERY,2221,6
BURGLARY,8,5728
BURGLARY,35,1652
BURGLARY,62,2448
CONCEALED CARRY LICENSE VIOLATION,6,9
CONCEALED CARRY LICENSE VIOLATION,33,4
CONCEALED CARRY LICENSE VIOLATION,60,2
CRIM SEXUAL ASSAULT,11,78
CRIM SEXUAL ASSAULT,38,374
CRIM SEXUAL ASSAULT,65,155
CRIMINAL DAMAGE,8,16072
CRIMINAL DAMAGE,35,5391
CRIMINAL DAMAGE,62,4695
CRIMINAL SEXUAL ASSAULT,24,98
CRIMINAL SEXUAL ASSAULT,51,15
CRIMINAL TRESPASS,11,1041
CRIMINAL TRESPASS,38,2894
CRIMINAL TRESPASS,65,708
DECEPTIVE PRACTICE,16,3345
DECEPTIVE PRACTICE,43,7526
DECEPTIVE PRACTICE,70,3189
DOMESTIC VIOLENCE,NULL,1
GAMBLING,3,117
GAMBLING,30,41
GAMBLING,57,8
HOMICIDE,16,54
HOMICIDE,43,469
HOMICIDE,70,87
INTERFERENCE WITH PUBLIC OFFICER,7,60
INTERFERENCE WITH PUBLIC OFFICER,34,46
INTERFERENCE WITH PUBLIC OFFICER,61,502
INTIMIDATION,1,55
INTIMIDATION,28,134
INTIMIDATION,55,17
KIDNAPPING,5,41
KIDNAPPING,32,38
KIDNAPPING,59,18
LIQUOR LAW VIOLATION,23,291
LIQUOR LAW VIOLATION,50,11
LIQUOR LAW VIOLATION,77,184
MOTOR VEHICLE THEFT,1,3892
MOTOR VEHICLE THEFT,28,8365
MOTOR VEHICLE THEFT,55,480
NARCOTICS,8,11487
NARCOTICS,35,12263
NARCOTICS,62,1167
NON - CRIMINAL,24,1
NON - CRIMINAL,51,1
OBSCENITY,11,14
OBSCENITY,38,13
OBSCENITY,65,7
OFFENSE INVOLVING CHILDREN,6,376
OFFENSE INVOLVING CHILDREN,33,213
OFFENSE INVOLVING CHILDREN,60,284
OTHER NARCOTIC VIOLATION,11,4
OTHER NARCOTIC VIOLATION,38,1
OTHER NARCOTIC VIOLATION,65,1
OTHER OFFENSE,5,2614
OTHER OFFENSE,32,6458
OTHER OFFENSE,59,1581
PROSTITUTION,17,14
PROSTITUTION,44,401
PROSTITUTION,71,1001
PUBLIC INDECENCY,21,1
PUBLIC INDECENCY,75,2
PUBLIC PEACE VIOLATION,2,616
PUBLIC PEACE VIOLATION,29,1286
PUBLIC PEACE VIOLATION,56,356
ROBBERY,18,403
ROBBERY,45,1838
ROBBERY,72,748
SEX OFFENSE,6,653
SEX OFFENSE,33,148
SEX OFFENSE,60,201
STALKING,7,55
STALKING,34,16
STALKING,61,52
THEFT,4,15515
THEFT,31,14215
THEFT,58,9985
WEAPONS VIOLATION,18,196
WEAPONS VIOLATION,45,575
WEAPONS VIOLATION,72,111
ARSON,52,106
ASSAULT,23,12798
ASSAULT,50,2183
ASSAULT,77,3605
ASSAULT,131,4
ASSAULT,212,8
ASSAULT,725,1
ASSAULT,914,2
ASSAULT,1022,5
ASSAULT,1211,1
ASSAULT,1724,1
ASSAULT,1832,4
ASSAULT,1913,2
ASSAULT,2534,1
BATTERY,8,34663
BATTERY,35,12730
BATTERY,62,3317
BATTERY,224,18
BATTERY,332,16
BATTERY,413,22
BATTERY,1034,14
BATTERY,1115,18
BATTERY,1223,12
BATTERY,1412,6
BATTERY,1655,2
BATTERY,1925,8
BATTERY,2033,5
BATTERY,2222,12
BATTERY,2411,3
BURGLARY,9,485
BURGLARY,36,749
BURGLARY,63,4432
CONCEALED CARRY LICENSE VIOLATION,7,6
CONCEALED CARRY LICENSE VIOLATION,34,1
CONCEALED CARRY LICENSE VIOLATION,61,6
CRIM SEXUAL ASSAULT,12,64
CRIM SEXUAL ASSAULT,39,152
CRIM SEXUAL ASSAULT,66,676
CRIMINAL DAMAGE,9,1937
CRIMINAL DAMAGE,36,1872
CRIMINAL DAMAGE,63,8863
CRIMINAL SEXUAL ASSAULT,25,255
CRIMINAL SEXUAL ASSAULT,52,13
CRIMINAL TRESPASS,12,670
CRIMINAL TRESPASS,39,968
CRIMINAL TRESPASS,66,3481
DECEPTIVE PRACTICE,17,2582
DECEPTIVE PRACTICE,44,6885
DECEPTIVE PRACTICE,71,6266
GAMBLING,4,77
GAMBLING,31,8
GAMBLING,58,18
HOMICIDE,17,25
HOMICIDE,44,316
HOMICIDE,71,392
HUMAN TRAFFICKING,22,1
HUMAN TRAFFICKING,49,3
INTERFERENCE WITH PUBLIC OFFICER,8,494
INTERFERENCE WITH PUBLIC OFFICER,35,122
INTERFERENCE WITH PUBLIC OFFICER,62,33
INTIMIDATION,2,64
INTIMIDATION,29,73
INTIMIDATION,56,30
KIDNAPPING,6,56
KIDNAPPING,33,26
KIDNAPPING,60,47
LIQUOR LAW VIOLATION,24,666
LIQUOR LAW VIOLATION,51,64
MOTOR VEHICLE THEFT,2,4464
MOTOR VEHICLE THEFT,29,6622
MOTOR VEHICLE THEFT,56,2295
NARCOTICS,9,594
NARCOTICS,36,1036
NARCOTICS,63,5281
NON - CRIMINAL,25,1
OBSCENITY,12,8
OBSCENITY,39,5
OBSCENITY,66,17
OFFENSE INVOLVING CHILDREN,7,259
OFFENSE INVOLVING CHILDREN,34,99
OFFENSE INVOLVING CHILDREN,61,1201
OTHER NARCOTIC VIOLATION,12,2
OTHER OFFENSE,6,6198
OTHER OFFENSE,33,2952
OTHER OFFENSE,60,3064
PROSTITUTION,18,17
PROSTITUTION,45,15
PROSTITUTION,72,2
PUBLIC INDECENCY,22,4
PUBLIC INDECENCY,49,1
PUBLIC PEACE VIOLATION,3,1127
PUBLIC PEACE VIOLATION,30,2501
PUBLIC PEACE VIOLATION,57,108
ROBBERY,19,4241
ROBBERY,46,4823
ROBBERY,73,3229
SEX OFFENSE,7,488
SEX OFFENSE,34,87
SEX OFFENSE,61,588
STALKING,8,147
STALKING,35,48
STALKING,62,22
THEFT,5,14044
THEFT,32,83854
THEFT,59,6994
WEAPONS VIOLATION,19,1519
WEAPONS VIOLATION,46,2200
WEAPONS VIOLATION,73,1241
ARSON,53,264
ASSAULT,24,9450
ASSAULT,51,3724
ASSAULT,132,3
ASSAULT,213,4
ASSAULT,321,5
ASSAULT,726,5
ASSAULT,834,4
ASSAULT,915,5
ASSAULT,1023,5
ASSAULT,1131,2
ASSAULT,1212,4
ASSAULT,1833,3
ASSAULT,1914,3
ASSAULT,2022,1
BATTERY,9,3618
BATTERY,36,3202
BATTERY,63,10265
BATTERY,225,7
BATTERY,333,15
BATTERY,414,28
BATTERY,522,25
BATTERY,711,16
BATTERY,1224,8
BATTERY,2223,13
BATTERY,2412,6
BURGLARY,10,2006
BURGLARY,37,771
BURGLARY,64,2139
CONCEALED CARRY LICENSE VIOLATION,8,18
CONCEALED CARRY LICENSE VIOLATION,35,6
CRIM SEXUAL ASSAULT,13,73
CRIM SEXUAL ASSAULT,40,303
CRIM SEXUAL ASSAULT,67,881
CRIMINAL DAMAGE,10,5745
CRIMINAL DAMAGE,37,2017
CRIMINAL DAMAGE,64,5093
CRIMINAL SEXUAL ASSAULT,26,85
CRIMINAL SEXUAL ASSAULT,53,48
CRIMINAL TRESPASS,13,441
CRIMINAL TRESPASS,40,2555
CRIMINAL TRESPASS,67,3835
DECEPTIVE PRACTICE,18,942
DECEPTIVE PRACTICE,45,1571
DECEPTIVE PRACTICE,72,2125
GAMBLING,5,43
GAMBLING,32,20
GAMBLING,59,11
HOMICIDE,18,11
HOMICIDE,45,66
HOMICIDE,72,13
HUMAN TRAFFICKING,23,2
INTERFERENCE WITH PUBLIC OFFICER,9,11
INTERFERENCE WITH PUBLIC OFFICER,36,18
INTERFERENCE WITH PUBLIC OFFICER,63,133
INTIMIDATION,3,60
INTIMIDATION,30,151
INTIMIDATION,57,13
KIDNAPPING,7,56
KIDNAPPING,34,6
KIDNAPPING,61,102
LIQUOR LAW VIOLATION,25,586
LIQUOR LAW VIOLATION,52,71
MOTOR VEHICLE THEFT,3,5562
MOTOR VEHICLE THEFT,30,5795
MOTOR VEHICLE THEFT,57,1524
NARCOTICS,10,1064
NARCOTICS,37,3462
NARCOTICS,64,1035
NON - CRIMINAL,26,1
NON-CRIMINAL,1,2
NON-CRIMINAL,28,7
NON-CRIMINAL,55,1
OBSCENITY,13,4
OBSCENITY,40,8
OBSCENITY,67,11
OFFENSE INVOLVING CHILDREN,8,608
OFFENSE INVOLVING CHILDREN,35,344
OFFENSE INVOLVING CHILDREN,62,206
OTHER NARCOTIC VIOLATION,13,7
OTHER OFFENSE,7,3740
OTHER OFFENSE,34,1059
OTHER OFFENSE,61,7651
PROSTITUTION,19,1339
PROSTITUTION,46,512
PROSTITUTION,73,114
PUBLIC INDECENCY,23,1
PUBLIC INDECENCY,50,2
PUBLIC INDECENCY,77,2
PUBLIC PEACE VIOLATION,4,899
PUBLIC PEACE VIOLATION,31,926
PUBLIC PEACE VIOLATION,58,710
ROBBERY,20,1383
ROBBERY,47,351
ROBBERY,74,193
SEX OFFENSE,8,846
SEX OFFENSE,35,200
SEX OFFENSE,62,137
STALKING,9,11
STALKING,36,14
STALKING,63,31
THEFT,6,51886
THEFT,33,14697
THEFT,60,9130
WEAPONS VIOLATION,20,675
WEAPONS VIOLATION,47,200
WEAPONS VIOLATION,74,44
ARSON,27,170
ARSON,54,44
ASSAULT,25,26956
ASSAULT,52,2477
ASSAULT,133,5
ASSAULT,214,1
ASSAULT,322,4
ASSAULT,511,4
ASSAULT,835,1
ASSAULT,1024,2
ASSAULT,1132,3
ASSAULT,1213,2
ASSAULT,1834,5
ASSAULT,1915,1
ASSAULT,2023,2
ASSAULT,2212,1
BATTERY,10,6470
BATTERY,37,4074
BATTERY,64,4258
BATTERY,334,17
BATTERY,523,10
BATTERY,631,11
BATTERY,712,17
BATTERY,1225,19
BATTERY,1414,4
BATTERY,1522,31
BATTERY,1711,1
BATTERY,2413,9
BATTERY,2521,10
BURGLARY,11,1968
BURGLARY,38,4842
BURGLARY,65,3735
CONCEALED CARRY LICENSE VIOLATION,36,2
CONCEALED CARRY LICENSE VIOLATION,63,6
CRIM SEXUAL ASSAULT,14,249
CRIM SEXUAL ASSAULT,41,193
CRIM SEXUAL ASSAULT,68,836
CRIMINAL DAMAGE,11,4983
CRIMINAL DAMAGE,38,9904
CRIMINAL DAMAGE,65,7683
CRIMINAL SEXUAL ASSAULT,NULL,12
CRIMINAL SEXUAL ASSAULT,27,68
CRIMINAL SEXUAL ASSAULT,54,13
CRIMINAL TRESPASS,14,1493
CRIMINAL TRESPASS,41,1035
CRIMINAL TRESPASS,68,3821
DECEPTIVE PRACTICE,19,4938
DECEPTIVE PRACTICE,46,3545
DECEPTIVE PRACTICE,73,3430
GAMBLING,6,42
GAMBLING,33,33
GAMBLING,60,20
HOMICIDE,19,136
HOMICIDE,46,287
HOMICIDE,73,174
HUMAN TRAFFICKING,24,1
HUMAN TRAFFICKING,51,2
INTERFERENCE WITH PUBLIC OFFICER,10,28
INTERFERENCE WITH PUBLIC OFFICER,37,112
INTERFERENCE WITH PUBLIC OFFICER,64,30
INTIMIDATION,4,48
INTIMIDATION,31,52
INTIMIDATION,58,51
KIDNAPPING,8,82
KIDNAPPING,35,48
KIDNAPPING,62,35
LIQUOR LAW VIOLATION,26,142
LIQUOR LAW VIOLATION,53,91
MOTOR VEHICLE THEFT,4,5704
MOTOR VEHICLE THEFT,31,3187
MOTOR VEHICLE THEFT,58,4359
NARCOTICS,11,1483
NARCOTICS,38,9612
NARCOTICS,65,1693
NON - CRIMINAL,27,1
NON-CRIMINAL,2,1
NON-CRIMINAL,29,4
NON-CRIMINAL,56,5
OBSCENITY,14,8
OBSCENITY,41,9
OBSCENITY,68,11
OFFENSE INVOLVING CHILDREN,9,107
OFFENSE INVOLVING CHILDREN,36,172
OFFENSE INVOLVING CHILDREN,63,658
OTHER NARCOTIC VIOLATION,14,7
OTHER OFFENSE,8,8675
OTHER OFFENSE,35,4071
OTHER OFFENSE,62,1597
PROSTITUTION,20,842
PROSTITUTION,47,2
PROSTITUTION,74,3
PUBLIC INDECENCY,24,5
PUBLIC INDECENCY,51,2
PUBLIC PEACE VIOLATION,5,436
PUBLIC PEACE VIOLATION,32,1375
PUBLIC PEACE VIOLATION,59,161
RITUALISM,51,1
ROBBERY,21,2587
ROBBERY,48,1865
ROBBERY,75,1583
SEX OFFENSE,9,134
SEX OFFENSE,36,57
SEX OFFENSE,63,344
STALKING,10,26
STALKING,37,13
STALKING,64,24
THEFT,7,48658
THEFT,34,6563
THEFT,61,21866
WEAPONS VIOLATION,21,443
WEAPONS VIOLATION,48,580
WEAPONS VIOLATION,75,647
ARSON,28,118
ARSON,55,56
ASSAULT,26,6971
ASSAULT,53,8513
ASSAULT,215,3
ASSAULT,323,4
ASSAULT,431,1
ASSAULT,512,7
ASSAULT,1133,3
ASSAULT,1214,1
ASSAULT,1511,3
BATTERY,11,8434
BATTERY,38,19361
BATTERY,65,6189
BATTERY,524,10
BATTERY,632,14
BATTERY,713,22
BATTERY,821,3
BATTERY,1523,14
BATTERY,1631,8
BATTERY,1712,9
BATTERY,2522,8
BURGLARY,12,1531
BURGLARY,39,2153
BURGLARY,66,12100
CONCEALED CARRY LICENSE VIOLATION,37,1
CONCEALED CARRY LICENSE VIOLATION,64,1
CRIM SEXUAL ASSAULT,15,276
CRIM SEXUAL ASSAULT,42,483
CRIM SEXUAL ASSAULT,69,766
CRIMINAL DAMAGE,12,3104
CRIMINAL DAMAGE,39,4273
CRIMINAL DAMAGE,66,20448
CRIMINAL SEXUAL ASSAULT,1,92
CRIMINAL SEXUAL ASSAULT,28,120
CRIMINAL SEXUAL ASSAULT,55,7
CRIMINAL TRESPASS,15,2024
CRIMINAL TRESPASS,42,4696
CRIMINAL TRESPASS,69,5607
DECEPTIVE PRACTICE,20,1356
DECEPTIVE PRACTICE,47,308
DECEPTIVE PRACTICE,74,1251
GAMBLING,7,26
GAMBLING,34,88
GAMBLING,61,385
HOMICIDE,20,48
HOMICIDE,47,29
HOMICIDE,74,3
HUMAN TRAFFICKING,25,6
HUMAN TRAFFICKING,52,1
INTERFERENCE WITH PUBLIC OFFICER,11,58
INTERFERENCE WITH PUBLIC OFFICER,38,205
INTERFERENCE WITH PUBLIC OFFICER,65,41
INTIMIDATION,5,46
INTIMIDATION,32,123
INTIMIDATION,59,23
KIDNAPPING,9,32
KIDNAPPING,36,10
KIDNAPPING,63,58
LIQUOR LAW VIOLATION,NULL,1954
LIQUOR LAW VIOLATION,27,133
LIQUOR LAW VIOLATION,54,15
MOTOR VEHICLE THEFT,5,4117
MOTOR VEHICLE THEFT,32,2149
MOTOR VEHICLE THEFT,59,1547
NARCOTICS,12,1333
NARCOTICS,39,1789
NARCOTICS,66,17796
NON - CRIMINAL,28,1
NON-CRIMINAL,3,5
NON-CRIMINAL,30,4
NON-CRIMINAL,57,1
OBSCENITY,15,14
OBSCENITY,42,9
OBSCENITY,69,9
OFFENSE INVOLVING CHILDREN,10,297
OFFENSE INVOLVING CHILDREN,37,193
OFFENSE INVOLVING CHILDREN,64,321
OTHER NARCOTIC VIOLATION,15,6
OTHER OFFENSE,9,930
OTHER OFFENSE,36,1300
OTHER OFFENSE,63,3840
PROSTITUTION,21,280
PROSTITUTION,48,2
PROSTITUTION,75,14
PUBLIC INDECENCY,25,6
PUBLIC PEACE VIOLATION,6,1258
PUBLIC PEACE VIOLATION,33,204
PUBLIC PEACE VIOLATION,60,300
RITUALISM,25,2
ROBBERY,22,5265
ROBBERY,49,7676
ROBBERY,76,167
SEX OFFENSE,10,228
SEX OFFENSE,37,54
SEX OFFENSE,64,121
STALKING,11,38
STALKING,38,46
STALKING,65,27
THEFT,8,100099
THEFT,35,13595
THEFT,62,5692
WEAPONS VIOLATION,22,1238
WEAPONS VIOLATION,49,3417
WEAPONS VIOLATION,76,253
ARSON,29,367
ARSON,56,106
ASSAULT,NULL,36688
ASSAULT,0,3
ASSAULT,27,7689
ASSAULT,54,2968
ASSAULT,324,2
ASSAULT,513,2
ASSAULT,621,9
ASSAULT,1134,2
ASSAULT,1512,3
BATTERY,12,5823
BATTERY,39,6552
BATTERY,66,32375
BATTERY,633,9
BATTERY,714,15
BATTERY,822,9
BATTERY,1011,40
BATTERY,1524,13
BATTERY,1632,8
BATTERY,1713,7
BATTERY,1821,15
BATTERY,2523,3
BURGLARY,13,2017
BURGLARY,40,3870
BURGLARY,67,11831
CONCEALED CARRY LICENSE VIOLATION,11,1
CONCEALED CARRY LICENSE VIOLATION,38,3
CONCEALED CARRY LICENSE VIOLATION,65,2
CRIM SEXUAL ASSAULT,16,301
CRIM SEXUAL ASSAULT,43,1010
CRIM SEXUAL ASSAULT,70,216
CRIMINAL DAMAGE,13,3121
CRIMINAL DAMAGE,40,7869
CRIMINAL DAMAGE,67,22409
CRIMINAL SEXUAL ASSAULT,2,46
CRIMINAL SEXUAL ASSAULT,29,117
CRIMINAL SEXUAL ASSAULT,56,22
CRIMINAL TRESPASS,16,1779
CRIMINAL TRESPASS,43,5400
CRIMINAL TRESPASS,70,1108
DECEPTIVE PRACTICE,21,2919
DECEPTIVE PRACTICE,48,1732
DECEPTIVE PRACTICE,75,2867
GAMBLING,8,111
GAMBLING,35,119
GAMBLING,62,8
HOMICIDE,21,74
HOMICIDE,48,53
HOMICIDE,75,89
HUMAN TRAFFICKING,26,3
INTERFERENCE WITH PUBLIC OFFICER,12,17
INTERFERENCE WITH PUBLIC OFFICER,39,29
INTERFERENCE WITH PUBLIC OFFICER,66,486
INTIMIDATION,6,78
INTIMIDATION,33,27
INTIMIDATION,60,49
KIDNAPPING,10,63
KIDNAPPING,37,15
KIDNAPPING,64,26
LIQUOR LAW VIOLATION,1,283
LIQUOR LAW VIOLATION,28,269
LIQUOR LAW VIOLATION,55,27
MOTOR VEHICLE THEFT,6,8244
MOTOR VEHICLE THEFT,33,1524
MOTOR VEHICLE THEFT,60,2036
NARCOTICS,13,803
NARCOTICS,40,7059
NARCOTICS,67,25079
NON - CRIMINAL,29,2
NON - CRIMINAL,56,1
NON-CRIMINAL,4,3
NON-CRIMINAL,31,1
OBSCENITY,16,15
OBSCENITY,43,20
OBSCENITY,70,15
OFFENSE INVOLVING CHILDREN,11,320
OFFENSE INVOLVING CHILDREN,38,568
OFFENSE INVOLVING CHILDREN,65,489
OTHER NARCOTIC VIOLATION,16,2
OTHER OFFENSE,10,2969
OTHER OFFENSE,37,917
OTHER OFFENSE,64,2479
PROSTITUTION,22,1559
PROSTITUTION,49,1409
PROSTITUTION,76,30
PUBLIC INDECENCY,26,2
PUBLIC INDECENCY,53,1
PUBLIC PEACE VIOLATION,7,651
PUBLIC PEACE VIOLATION,34,106
PUBLIC PEACE VIOLATION,61,1203
RITUALISM,26,1
RITUALISM,53,1
ROBBERY,23,8079
ROBBERY,50,748
ROBBERY,77,2270
SEX OFFENSE,11,213
SEX OFFENSE,38,274
SEX OFFENSE,65,224
STALKING,12,21
STALKING,39,26
STALKING,66,57
THEFT,9,2710
THEFT,36,2624
THEFT,63,10204
WEAPONS VIOLATION,23,3353
WEAPONS VIOLATION,50,408
WEAPONS VIOLATION,77,260
ARSON,30,323
ARSON,57,57
ASSAULT,1,6612
ASSAULT,28,10707
ASSAULT,55,1151
ASSAULT,433,2
ASSAULT,622,2
ASSAULT,811,3
ASSAULT,1432,1
ASSAULT,1513,3
ASSAULT,1621,1
ASSAULT,2431,1
BATTERY,13,2563
BATTERY,40,17009
BATTERY,67,45283
BATTERY,121,10
BATTERY,634,15
BATTERY,715,10
BATTERY,823,14
BATTERY,931,2
BATTERY,1012,11
BATTERY,1633,14
BATTERY,1822,8
BATTERY,2011,6
BATTERY,2524,2
BURGLARY,14,3908
BURGLARY,41,3144
BURGLARY,68,10423
CONCEALED CARRY LICENSE VIOLATION,12,1
CONCEALED CARRY LICENSE VIOLATION,66,7
CRIM SEXUAL ASSAULT,17,113
CRIM SEXUAL ASSAULT,44,577
CRIM SEXUAL ASSAULT,71,793
CRIMINAL DAMAGE,14,8933
CRIMINAL DAMAGE,41,4346
CRIMINAL DAMAGE,68,19256
CRIMINAL SEXUAL ASSAULT,3,75
CRIMINAL SEXUAL ASSAULT,30,85
CRIMINAL SEXUAL ASSAULT,57,20
CRIMINAL TRESPASS,17,1196
CRIMINAL TRESPASS,44,3758
CRIMINAL TRESPASS,71,5119
DECEPTIVE PRACTICE,22,5953
DECEPTIVE PRACTICE,49,5724
DECEPTIVE PRACTICE,76,1993
GAMBLING,9,5
GAMBLING,36,27
GAMBLING,63,37
HOMICIDE,22,144
HOMICIDE,49,392
HOMICIDE,76,5
HUMAN TRAFFICKING,54,1
INTERFERENCE WITH PUBLIC OFFICER,13,20
INTERFERENCE WITH PUBLIC OFFICER,40,175
INTERFERENCE WITH PUBLIC OFFICER,67,834
INTIMIDATION,7,41
INTIMIDATION,34,19
INTIMIDATION,61,80
KIDNAPPING,11,46
KIDNAPPING,38,70
KIDNAPPING,65,58
LIQUOR LAW VIOLATION,2,227
LIQUOR LAW VIOLATION,29,227
LIQUOR LAW VIOLATION,56,93
MOTOR VEHICLE THEFT,7,4443
MOTOR VEHICLE THEFT,34,1316
MOTOR VEHICLE THEFT,61,5727
NARCOTICS,14,3318
NARCOTICS,41,979
NARCOTICS,68,20287
NON - CRIMINAL,30,1
NON-CRIMINAL,5,3
NON-CRIMINAL,32,10
NON-CRIMINAL,59,1
OBSCENITY,17,11
OBSCENITY,44,11
OBSCENITY,71,10
OFFENSE INVOLVING CHILDREN,12,136
OFFENSE INVOLVING CHILDREN,39,311
OFFENSE INVOLVING CHILDREN,66,1478
OTHER NARCOTIC VIOLATION,17,2
OTHER NARCOTIC VIOLATION,44,1
OTHER NARCOTIC VIOLATION,71,1
OTHER OFFENSE,11,2769
OTHER OFFENSE,38,5779
OTHER OFFENSE,65,3005
PROSTITUTION,23,3099
PROSTITUTION,50,5
PROSTITUTION,77,150
PUBLIC INDECENCY,NULL,12
PUBLIC INDECENCY,27,2
PUBLIC INDECENCY,54,1
PUBLIC PEACE VIOLATION,8,1700
PUBLIC PEACE VIOLATION,35,230
PUBLIC PEACE VIOLATION,62,238
RITUALISM,NULL,8
ROBBERY,24,7437
ROBBERY,51,1456
SEX OFFENSE,12,168
SEX OFFENSE,39,119
SEX OFFENSE,66,609
STALKING,13,15
STALKING,40,32
STALKING,67,79
THEFT,10,8731
THEFT,37,4091
THEFT,64,5134
WEAPONS VIOLATION,24,1259
WEAPONS VIOLATION,51,767
ARSON,31,150
ARSON,58,203
ASSAULT,2,6551
ASSAULT,29,12261
ASSAULT,56,2840
ASSAULT,434,1
ASSAULT,623,2
ASSAULT,731,4
ASSAULT,812,1
ASSAULT,2432,2
ASSAULT,2513,1
BATTERY,14,12275
BATTERY,41,4993
BATTERY,68,42517
BATTERY,122,12
BATTERY,311,15
BATTERY,824,5
BATTERY,932,15
BATTERY,1013,11
BATTERY,1121,22
BATTERY,1634,3
BATTERY,1823,4
BATTERY,1931,2
BATTERY,2012,6
BATTERY,2525,5
BURGLARY,15,5759
BURGLARY,42,6706
BURGLARY,69,9569
CONCEALED CARRY LICENSE VIOLATION,40,1
CONCEALED CARRY LICENSE VIOLATION,67,43
CRIM SEXUAL ASSAULT,18,61
CRIM SEXUAL ASSAULT,45,157
CRIM SEXUAL ASSAULT,72,60
CRIMINAL DAMAGE,15,13083
CRIMINAL DAMAGE,42,11936
CRIMINAL DAMAGE,69,18657
CRIMINAL SEXUAL ASSAULT,4,49
CRIMINAL SEXUAL ASSAULT,31,47
CRIMINAL SEXUAL ASSAULT,58,38
CRIMINAL TRESPASS,18,463
CRIMINAL TRESPASS,45,575
CRIMINAL TRESPASS,72,686
DECEPTIVE PRACTICE,23,5667
DECEPTIVE PRACTICE,50,1073
DECEPTIVE PRACTICE,77,4506
GAMBLING,10,21
GAMBLING,37,49
GAMBLING,64,17
HOMICIDE,23,511
HOMICIDE,50,41
HOMICIDE,77,52
HUMAN TRAFFICKING,1,1
HUMAN TRAFFICKING,28,5
INTERFERENCE WITH PUBLIC OFFICER,14,118
INTERFERENCE WITH PUBLIC OFFICER,41,33
INTERFERENCE WITH PUBLIC OFFICER,68,620
INTIMIDATION,8,134
INTIMIDATION,35,49
INTIMIDATION,62,6
KIDNAPPING,12,35
KIDNAPPING,39,27
KIDNAPPING,66,161
LIQUOR LAW VIOLATION,3,242
LIQUOR LAW VIOLATION,30,759
LIQUOR LAW VIOLATION,57,51
MOTOR VEHICLE THEFT,8,7400
MOTOR VEHICLE THEFT,35,2688
MOTOR VEHICLE THEFT,62,1412
NARCOTICS,15,5498
NARCOTICS,42,12515
NARCOTICS,69,15486
NON - CRIMINAL,31,1
NON - CRIMINAL,58,1
NON-CRIMINAL,6,13
NON-CRIMINAL,33,3
NON-CRIMINAL,60,2
OBSCENITY,18,4
OBSCENITY,45,3
OBSCENITY,72,3
OFFENSE INVOLVING CHILDREN,13,158
OFFENSE INVOLVING CHILDREN,40,529
OFFENSE INVOLVING CHILDREN,67,1421
OTHER OFFENSE,12,1329
OTHER OFFENSE,39,3000
OTHER OFFENSE,66,10722
PROSTITUTION,24,2099
PROSTITUTION,51,7
PUBLIC INDECENCY,1,4
PUBLIC INDECENCY,28,5
PUBLIC PEACE VIOLATION,9,418
PUBLIC PEACE VIOLATION,36,53
PUBLIC PEACE VIOLATION,63,882
ROBBERY,25,18467
ROBBERY,52,570
SEX OFFENSE,13,133
SEX OFFENSE,40,202
SEX OFFENSE,67,569
STALKING,14,35
STALKING,41,40
STALKING,68,74
THEFT,11,8169
THEFT,38,15190
THEFT,65,15141
WEAPONS VIOLATION,25,6880
WEAPONS VIOLATION,52,537
ARSON,32,49
ARSON,59,79
ASSAULT,3,7625
ASSAULT,30,7488
ASSAULT,57,1071
ASSAULT,111,7
ASSAULT,624,4
ASSAULT,732,1
ASSAULT,813,6
ASSAULT,1434,1
ASSAULT,1623,6
ASSAULT,1812,1
ASSAULT,2433,1
BATTERY,15,15972
BATTERY,42,22352
BATTERY,69,36768
BATTERY,123,18
BATTERY,231,8
BATTERY,312,26
BATTERY,825,10
BATTERY,933,4
BATTERY,1014,19
BATTERY,1122,25
BATTERY,1824,15
BATTERY,2013,2
BURGLARY,16,5938
BURGLARY,43,16759
BURGLARY,70,5128
CONCEALED CARRY LICENSE VIOLATION,14,3
CONCEALED CARRY LICENSE VIOLATION,68,38
CRIM SEXUAL ASSAULT,19,497
CRIM SEXUAL ASSAULT,46,526
CRIM SEXUAL ASSAULT,73,331
CRIMINAL DAMAGE,16,12209
CRIMINAL DAMAGE,43,26151
CRIMINAL DAMAGE,70,9464
CRIMINAL SEXUAL ASSAULT,5,19
CRIMINAL SEXUAL ASSAULT,32,103
CRIMINAL SEXUAL ASSAULT,59,16
CRIMINAL TRESPASS,19,2529
CRIMINAL TRESPASS,46,2868
CRIMINAL TRESPASS,73,1859
DECEPTIVE PRACTICE,24,8567
DECEPTIVE PRACTICE,51,1854
GAMBLING,11,32
GAMBLING,38,228
GAMBLING,65,27
HOMICIDE,24,178
HOMICIDE,51,90
HUMAN TRAFFICKING,29,2
INTERFERENCE WITH PUBLIC OFFICER,15,142
INTERFERENCE WITH PUBLIC OFFICER,42,380
INTERFERENCE WITH PUBLIC OFFICER,69,562
INTIMIDATION,9,30
INTIMIDATION,36,10
INTIMIDATION,63,43
KIDNAPPING,13,20
KIDNAPPING,40,58
KIDNAPPING,67,167
LIQUOR LAW VIOLATION,4,221
LIQUOR LAW VIOLATION,31,368
LIQUOR LAW VIOLATION,58,194
MOTOR VEHICLE THEFT,9,1146
MOTOR VEHICLE THEFT,36,722
MOTOR VEHICLE THEFT,63,3918
NARCOTICS,16,3790
NARCOTICS,43,18311
NARCOTICS,70,2228
NON-CRIMINAL,7,1
NON-CRIMINAL,34,1
NON-CRIMINAL,61,3
OBSCENITY,19,11
OBSCENITY,46,6
OBSCENITY,73,5
OFFENSE INVOLVING CHILDREN,14,557
OFFENSE INVOLVING CHILDREN,41,248
OFFENSE INVOLVING CHILDREN,68,1281
OTHER NARCOTIC VIOLATION,19,1
OTHER NARCOTIC VIOLATION,46,3
OTHER OFFENSE,13,1441
OTHER OFFENSE,40,4238
OTHER OFFENSE,67,11180
PROSTITUTION,25,7882
PROSTITUTION,52,3
PUBLIC INDECENCY,2,2
PUBLIC INDECENCY,29,2
PUBLIC PEACE VIOLATION,10,282
PUBLIC PEACE VIOLATION,37,155
PUBLIC PEACE VIOLATION,64,191
ROBBERY,26,5981
ROBBERY,53,3947
SEX OFFENSE,14,446
SEX OFFENSE,41,189
SEX OFFENSE,68,567
STALKING,15,45
STALKING,42,59
STALKING,69,100
THEFT,12,5833
THEFT,39,8627
THEFT,66,24478
WEAPONS VIOLATION,26,2422
WEAPONS VIOLATION,53,2586
